ParticipantID,Trial,FixationNo,StartTime,EndTime,Duration,PositionX,PositionY,PupilSize,EyeUsed,Order,Task
caro2,1,1,4,324,322,68840,366.9,501700,RIGHT,2,Count
caro2,1,2,374,524,152,64890,657.6,532100,RIGHT,2,Count
caro2,1,3,558,708,152,85280,724.1,521400,RIGHT,2,Count
caro2,1,4,760,962,204,77560,308.7,514200,RIGHT,2,Count
caro2,1,5,1012,1202,192,41700,579.1,540100,RIGHT,2,Count
caro2,1,6,1238,2082,846,16680,569.6,559900,RIGHT,2,Count
caro2,1,7,2096,2652,558,13610,576.5,555100,RIGHT,2,Count
caro2,1,8,2672,3334,664,16320,573.7,542700,RIGHT,2,Count
caro2,1,9,3356,3610,256,10130,621.4,553100,RIGHT,2,Count
caro2,1,10,3638,3876,240,20730,619,540500,RIGHT,2,Count
caro2,1,11,3898,4244,348,14400,637.7,544700,RIGHT,2,Count
caro2,1,12,4268,4884,618,25060,644,534100,RIGHT,2,Count
caro2,1,13,4908,5212,306,18260,692,530000,RIGHT,2,Count
caro2,1,14,5250,5718,470,32770,572.3,534200,RIGHT,2,Count
caro2,1,15,5742,6436,696,39130,585,523400,RIGHT,2,Count
caro2,1,16,6450,6814,366,36520,591.1,518300,RIGHT,2,Count
caro2,1,17,6836,7174,340,42690,592.9,521300,RIGHT,2,Count
caro2,1,18,7202,7836,636,52760,572.7,518200,RIGHT,2,Count
caro2,1,19,7852,8354,504,51450,601.5,520500,RIGHT,2,Count
caro2,1,20,8364,8600,238,50610,626.3,517800,RIGHT,2,Count
caro2,1,21,8618,8880,264,54910,640.4,517300,RIGHT,2,Count
caro2,1,22,8896,9202,308,51090,666.7,510800,RIGHT,2,Count
caro2,1,23,9232,9400,170,44320,738.9,506800,RIGHT,2,Count
caro2,1,24,9436,9718,284,67540,706.4,505800,RIGHT,2,Count
caro2,1,25,9744,10054,312,67150,633.4,505900,RIGHT,2,Count
caro2,1,26,10072,10250,180,65160,598.2,500100,RIGHT,2,Count
caro2,1,27,10264,10666,404,62520,591.5,493000,RIGHT,2,Count
caro2,1,28,10676,10940,266,62040,571.9,494400,RIGHT,2,Count
caro2,1,29,10962,11486,526,68420,572.7,500400,RIGHT,2,Count
caro2,1,30,11500,11758,260,70940,584.3,503100,RIGHT,2,Count
caro2,1,31,11780,11996,218,77470,596.4,507600,RIGHT,2,Count
caro2,1,32,12018,12248,232,84280,642.2,509600,RIGHT,2,Count
caro2,1,33,12268,12480,214,85760,613.3,505800,RIGHT,2,Count
caro2,1,34,12498,12984,488,88970,576,493600,RIGHT,2,Count
caro2,1,35,12998,13488,492,91860,587.8,498100,RIGHT,2,Count
caro2,1,36,13506,13762,258,95970,621.4,506700,RIGHT,2,Count
caro2,1,37,13784,14120,338,102700,633,502100,RIGHT,2,Count
caro2,1,38,14140,14390,252,103160,696.3,502900,RIGHT,2,Count
caro2,1,39,14406,14882,478,98370,711.7,505000,RIGHT,2,Count
caro2,1,40,14908,15160,254,86660,775.4,508800,RIGHT,2,Count
caro2,1,41,15204,15456,254,121250,868.2,507700,RIGHT,2,Count
caro2,1,42,15480,15698,220,127120,794,505400,RIGHT,2,Count
caro2,1,43,15732,15904,174,142280,852.6,492500,RIGHT,2,Count
caro2,1,44,15934,16152,220,156260,863.9,494400,RIGHT,2,Count
caro2,1,45,16184,16418,236,160560,733.1,490800,RIGHT,2,Count
caro2,1,46,16440,16642,204,157090,684.6,490900,RIGHT,2,Count
caro2,1,47,16664,16896,234,161160,629.7,485700,RIGHT,2,Count
caro2,1,48,16924,17124,202,147510,688.1,492000,RIGHT,2,Count
caro2,1,49,17150,17406,258,131480,662.9,502400,RIGHT,2,Count
caro2,1,50,17428,17732,306,124100,644.5,507900,RIGHT,2,Count
caro2,1,51,17752,17888,138,127970,632,511600,RIGHT,2,Count
caro2,1,52,17912,18156,246,117680,609.4,508300,RIGHT,2,Count
caro2,1,53,18176,18412,238,112680,596.5,507800,RIGHT,2,Count
caro2,1,54,18426,19076,652,112080,573.9,504900,RIGHT,2,Count
caro2,1,55,19096,19428,334,116910,579.9,512200,RIGHT,2,Count
caro2,1,56,19442,19862,422,119300,568.3,518700,RIGHT,2,Count
caro2,1,57,19878,20088,212,122880,596.9,510300,RIGHT,2,Count
caro2,1,58,20238,20396,160,124580,600.7,513700,RIGHT,2,Count
caro2,1,59,20416,20732,318,129080,586.4,520700,RIGHT,2,Count
caro2,1,60,20746,21152,408,127700,613.7,513300,RIGHT,2,Count
caro2,2,1,4,396,394,127080,589.6,507300,RIGHT,2,Count
caro2,2,2,438,632,196,91250,522.9,511700,RIGHT,2,Count
caro2,2,3,668,768,102,76420,388.5,501500,RIGHT,2,Count
caro2,2,4,806,1028,224,62180,213.3,480600,RIGHT,2,Count
caro2,2,5,1060,1350,292,80360,228.4,473300,RIGHT,2,Count
caro2,2,6,1376,1618,244,90280,233,486200,RIGHT,2,Count
caro2,2,7,1636,1948,314,94520,251,493000,RIGHT,2,Count
caro2,2,8,1986,2436,452,115550,253,490700,RIGHT,2,Count
caro2,2,9,2474,2774,302,126060,464.4,510100,RIGHT,2,Count
caro2,2,10,2806,3066,262,128980,597.6,519400,RIGHT,2,Count
caro2,2,11,3096,3378,284,127090,729.9,531600,RIGHT,2,Count
caro2,2,12,3410,3728,320,113650,852,542800,RIGHT,2,Count
caro2,2,13,3756,3936,182,101550,949.1,544100,RIGHT,2,Count
caro2,2,14,3966,4216,252,85760,983.9,558300,RIGHT,2,Count
caro2,2,15,4260,4490,232,62050,884.7,574900,RIGHT,2,Count
caro2,2,16,4530,4714,186,50480,744.5,568800,RIGHT,2,Count
caro2,2,17,4742,5078,338,50200,662,556800,RIGHT,2,Count
caro2,2,18,5106,5354,250,46380,562.5,551500,RIGHT,2,Count
caro2,2,19,5378,5528,152,39650,513.6,548100,RIGHT,2,Count
caro2,2,20,5562,5776,216,46200,366.5,548000,RIGHT,2,Count
caro2,2,21,5802,5976,176,45070,294.8,548300,RIGHT,2,Count
caro2,2,22,6004,6272,270,54560,369.8,557000,RIGHT,2,Count
caro2,2,23,6294,6476,184,58790,328,564700,RIGHT,2,Count
caro2,2,24,6490,6630,142,55610,349,558300,RIGHT,2,Count
caro2,2,25,6658,6954,298,61210,256.1,544400,RIGHT,2,Count
caro2,2,26,6984,7290,308,70500,312.3,542300,RIGHT,2,Count
caro2,2,27,7316,7592,278,64370,391.6,558600,RIGHT,2,Count
caro2,2,28,7618,7824,208,72450,402.7,550200,RIGHT,2,Count
caro2,2,29,7842,8084,244,68750,427.7,554000,RIGHT,2,Count
caro2,2,30,8102,8334,234,65440,452.3,554500,RIGHT,2,Count
caro2,2,31,8348,8678,332,61670,455.1,545600,RIGHT,2,Count
caro2,2,32,8698,9010,314,55040,470.5,549900,RIGHT,2,Count
caro2,2,33,9032,9204,174,63480,492.1,550600,RIGHT,2,Count
caro2,2,34,9234,9526,294,52860,574.2,549600,RIGHT,2,Count
caro2,2,35,9544,9874,332,46980,559.5,546300,RIGHT,2,Count
caro2,2,36,9904,10142,240,51050,666.6,539200,RIGHT,2,Count
caro2,2,37,10168,10440,274,61740,633.7,541500,RIGHT,2,Count
caro2,2,38,10456,10766,312,64360,664.4,525000,RIGHT,2,Count
caro2,2,39,10786,11140,356,60330,712.1,503700,RIGHT,2,Count
caro2,2,40,11152,11434,284,58220,717.8,508700,RIGHT,2,Count
caro2,2,41,11460,11884,426,64290,758.1,517600,RIGHT,2,Count
caro2,2,42,11908,12432,526,66750,831.4,527300,RIGHT,2,Count
caro2,2,43,12456,12758,304,72350,785,525600,RIGHT,2,Count
caro2,2,44,12784,12992,210,79560,835.5,529600,RIGHT,2,Count
caro2,2,45,13016,13212,198,85830,784.1,535700,RIGHT,2,Count
caro2,2,46,13236,13556,322,84480,723.7,538600,RIGHT,2,Count
caro2,2,47,13578,13804,228,90860,727.5,537100,RIGHT,2,Count
caro2,2,48,13818,14168,352,91580,700.7,521900,RIGHT,2,Count
caro2,2,49,14190,14928,740,97200,711.1,511300,RIGHT,2,Count
caro2,2,50,14950,15410,462,104020,732.9,508400,RIGHT,2,Count
caro2,2,51,15438,15752,316,101120,821.5,517400,RIGHT,2,Count
caro2,2,52,15766,16088,324,97960,830.1,518100,RIGHT,2,Count
caro2,2,53,16112,16318,208,105920,857.4,523400,RIGHT,2,Count
caro2,2,54,16344,16602,260,114780,761.6,531000,RIGHT,2,Count
caro2,2,55,16628,16882,256,110850,688.9,520200,RIGHT,2,Count
caro2,2,56,16902,17172,272,106640,649.3,512700,RIGHT,2,Count
caro2,2,57,17194,17780,588,113950,670.4,507600,RIGHT,2,Count
caro2,2,58,17802,18054,254,120460,616.6,510600,RIGHT,2,Count
caro2,2,59,18078,18400,324,111000,569,510000,RIGHT,2,Count
caro2,2,60,18416,18740,326,106390,589.2,514800,RIGHT,2,Count
caro2,2,61,18758,18986,230,109470,557.2,503200,RIGHT,2,Count
caro2,2,62,19006,19346,342,106020,530,498900,RIGHT,2,Count
caro2,2,63,19362,19724,364,103890,502.4,503200,RIGHT,2,Count
caro2,2,64,19746,20324,580,108660,478.2,519300,RIGHT,2,Count
caro2,2,65,20354,20506,154,120260,492.5,521000,RIGHT,2,Count
caro2,2,66,20528,20738,212,112800,483.5,527600,RIGHT,2,Count
caro2,2,67,20762,20992,232,109840,420.2,533800,RIGHT,2,Count
caro2,2,68,21010,21156,148,104130,418.8,534300,RIGHT,2,Count
caro2,3,1,4,68,66,104170,419.9,535200,RIGHT,2,Count
caro2,3,2,90,482,394,102580,479.9,532400,RIGHT,2,Count
caro2,3,3,524,824,302,85930,747.8,515400,RIGHT,2,Count
caro2,3,4,840,944,106,81060,741.6,529100,RIGHT,2,Count
caro2,3,5,992,1264,274,35210,720.3,534900,RIGHT,2,Count
caro2,3,6,1290,1470,182,25300,734.5,540300,RIGHT,2,Count
caro2,3,7,1496,1674,180,15390,674.5,546900,RIGHT,2,Count
caro2,3,8,1688,2008,322,11700,671.8,555300,RIGHT,2,Count
caro2,3,9,2042,2366,326,34920,654.2,572300,RIGHT,2,Count
caro2,3,10,2392,2620,230,45280,658.9,563000,RIGHT,2,Count
caro2,3,11,2646,3060,416,54120,658.7,551200,RIGHT,2,Count
caro2,3,12,3086,3340,256,46990,743.6,552500,RIGHT,2,Count
caro2,3,13,3358,3620,264,41620,752.7,552300,RIGHT,2,Count
caro2,3,14,3642,3990,350,35820,775.5,540800,RIGHT,2,Count
caro2,3,15,4012,4296,286,28890,766.4,541400,RIGHT,2,Count
caro2,3,16,4316,4646,332,21700,759.3,544300,RIGHT,2,Count
caro2,3,17,4836,5162,328,35380,732,542800,RIGHT,2,Count
caro2,3,18,5200,5646,448,60740,661,539500,RIGHT,2,Count
caro2,3,19,5674,6252,580,70880,671.2,542200,RIGHT,2,Count
caro2,3,20,6278,6660,384,81410,718.2,537100,RIGHT,2,Count
caro2,3,21,6846,7258,414,83980,723.2,545500,RIGHT,2,Count
caro2,3,22,7278,8040,764,88190,725,548100,RIGHT,2,Count
caro2,3,23,8056,8468,414,92690,738.8,549600,RIGHT,2,Count
caro2,3,24,8492,8930,440,98710,771.5,546400,RIGHT,2,Count
caro2,3,25,8954,9396,444,105740,786,537200,RIGHT,2,Count
caro2,3,26,9410,9790,382,105790,818.7,531100,RIGHT,2,Count
caro2,3,27,9814,10520,708,113030,861,528300,RIGHT,2,Count
caro2,3,28,10546,10840,296,100030,900.3,528300,RIGHT,2,Count
caro2,3,29,10860,11168,310,92090,879.6,533800,RIGHT,2,Count
caro2,3,30,11186,11558,374,86280,891.9,535600,RIGHT,2,Count
caro2,3,31,11572,11760,190,82060,902.3,537200,RIGHT,2,Count
caro2,3,32,11796,12202,408,71920,778.3,528600,RIGHT,2,Count
caro2,3,33,12248,12460,214,78090,399.3,522200,RIGHT,2,Count
caro2,3,34,12494,12634,142,75260,271.3,506800,RIGHT,2,Count
caro2,3,35,12684,12970,288,38550,601.9,508500,RIGHT,2,Count
caro2,3,36,13004,13302,300,17830,623.8,528700,RIGHT,2,Count
caro2,3,37,13340,13462,124,16530,468.8,520000,RIGHT,2,Count
caro2,3,38,13510,13658,150,46960,188.6,514200,RIGHT,2,Count
caro2,3,39,13698,14214,518,80900,257.9,535900,RIGHT,2,Count
caro2,3,40,14240,14390,152,76140,212.6,551300,RIGHT,2,Count
caro2,3,41,14414,14826,414,84100,238.7,554800,RIGHT,2,Count
caro2,3,42,14874,15132,260,120210,383.5,568900,RIGHT,2,Count
caro2,3,43,15164,15464,302,138090,430.5,566700,RIGHT,2,Count
caro2,3,44,15516,15632,118,93110,567.9,579300,RIGHT,2,Count
caro2,3,45,15696,16004,310,35560,605.6,579100,RIGHT,2,Count
caro2,3,46,16028,16236,210,42970,598,552700,RIGHT,2,Count
caro2,3,47,16256,16446,192,48360,598.5,541700,RIGHT,2,Count
caro2,3,48,16474,16720,248,35500,591.8,543500,RIGHT,2,Count
caro2,3,49,16744,17174,432,24870,569.5,545000,RIGHT,2,Count
caro2,3,50,17192,17480,290,23160,607.2,549000,RIGHT,2,Count
caro2,3,51,17500,17866,368,16990,606.8,560800,RIGHT,2,Count
caro2,3,52,17888,18172,286,15200,558.3,572300,RIGHT,2,Count
caro2,3,53,18200,18522,324,9290,462.6,565400,RIGHT,2,Count
caro2,3,54,18556,18872,318,9790,597,569100,RIGHT,2,Count
caro2,3,55,18900,19096,198,18890,646.3,576900,RIGHT,2,Count
caro2,3,56,19154,19382,230,90240,681.3,574400,RIGHT,2,Count
caro2,3,57,19412,19776,366,103300,729.8,561500,RIGHT,2,Count
caro2,3,58,19818,20066,250,134780,622.7,548300,RIGHT,2,Count
caro2,3,59,20106,20432,328,116490,450.3,553200,RIGHT,2,Count
caro2,3,60,20460,20854,396,109380,573.5,570600,RIGHT,2,Count
caro2,3,61,20880,20994,116,98460,574.9,566600,RIGHT,2,Count
caro2,3,62,21048,21168,122,49510,568.4,557800,RIGHT,2,Count
caro2,4,1,50,460,412,78900,311.8,537500,RIGHT,2,Count
caro2,4,2,500,684,186,90320,476.8,512100,RIGHT,2,Count
caro2,4,3,740,882,144,19400,263.2,487300,RIGHT,2,Count
caro2,4,4,918,1044,128,17120,52.8,460300,RIGHT,2,Count
caro2,4,5,1102,1346,246,98330,399.8,464200,RIGHT,2,Count
caro2,4,6,1388,1606,220,128430,215.7,459500,RIGHT,2,Count
caro2,4,7,1640,1790,152,114020,274.8,458400,RIGHT,2,Count
caro2,4,8,1818,2018,202,101700,202.4,465000,RIGHT,2,Count
caro2,4,9,2060,2264,206,87480,457.9,486100,RIGHT,2,Count
caro2,4,10,2302,2564,264,68360,550.5,501200,RIGHT,2,Count
caro2,4,11,2602,2770,170,46710,601.3,507700,RIGHT,2,Count
caro2,4,12,2804,2964,162,69430,668.5,503900,RIGHT,2,Count
caro2,4,13,3008,3186,180,104770,712.8,504400,RIGHT,2,Count
caro2,4,14,3230,3564,336,134740,543.3,494200,RIGHT,2,Count
caro2,4,15,3602,3894,294,138330,319.8,477900,RIGHT,2,Count
caro2,4,16,3956,4078,124,55950,313.9,511200,RIGHT,2,Count
caro2,4,17,4116,4396,282,34370,156.3,501100,RIGHT,2,Count
caro2,4,18,4442,4726,286,18500,467.3,496800,RIGHT,2,Count
caro2,4,19,4752,5028,278,28150,482.7,493900,RIGHT,2,Count
caro2,4,20,5046,5354,310,30980,460.5,475200,RIGHT,2,Count
caro2,4,21,5374,5608,236,35410,461.2,473900,RIGHT,2,Count
caro2,4,22,5636,5900,266,48260,463.4,479800,RIGHT,2,Count
caro2,4,23,5928,6248,322,57850,521.2,485800,RIGHT,2,Count
caro2,4,24,6274,6494,222,47890,541.1,495300,RIGHT,2,Count
caro2,4,25,6520,6936,418,38480,554.2,494200,RIGHT,2,Count
caro2,4,26,6954,7194,242,32420,568,494000,RIGHT,2,Count
caro2,4,27,7212,7456,246,26930,604.9,494000,RIGHT,2,Count
caro2,4,28,7482,7844,364,18200,623.6,495100,RIGHT,2,Count
caro2,4,29,7868,8028,162,22190,688.5,500200,RIGHT,2,Count
caro2,4,30,8046,8330,286,16650,706.2,510400,RIGHT,2,Count
caro2,4,31,8356,8584,230,25500,697.2,525200,RIGHT,2,Count
caro2,4,32,8610,8844,236,34180,679.7,517800,RIGHT,2,Count
caro2,4,33,8870,9128,260,43770,635,509500,RIGHT,2,Count
caro2,4,34,9156,9446,292,57050,603.1,499100,RIGHT,2,Count
caro2,4,35,9464,9674,212,57080,577.4,498600,RIGHT,2,Count
caro2,4,36,9710,10004,296,40670,729.7,510700,RIGHT,2,Count
caro2,4,37,10028,10286,260,33020,756.5,514000,RIGHT,2,Count
caro2,4,38,10308,10690,384,25750,779.3,519000,RIGHT,2,Count
caro2,4,39,10712,10942,232,31130,824.1,521500,RIGHT,2,Count
caro2,4,40,10966,11222,258,35930,908.5,521700,RIGHT,2,Count
caro2,4,41,11248,11596,350,47500,897.8,526200,RIGHT,2,Count
caro2,4,42,11614,11814,202,51870,923.7,518700,RIGHT,2,Count
caro2,4,43,11840,12030,192,62110,885,509400,RIGHT,2,Count
caro2,4,44,12056,12306,252,69650,802.5,496000,RIGHT,2,Count
caro2,4,45,12334,12954,622,80770,753.8,478500,RIGHT,2,Count
caro2,4,46,12972,13332,362,80120,804.7,476400,RIGHT,2,Count
caro2,4,47,13492,13656,166,80810,788.9,489700,RIGHT,2,Count
caro2,4,48,13688,14384,698,94810,732.4,497000,RIGHT,2,Count
caro2,4,49,14402,14784,384,98510,700.1,493100,RIGHT,2,Count
caro2,4,50,14808,19046,4240,106960,690.4,535800,RIGHT,2,Count
caro2,4,51,19068,20636,1570,106610,763.1,539000,RIGHT,2,Count
caro2,4,52,20668,20884,218,89100,753.9,528900,RIGHT,2,Count
caro2,4,53,20904,21184,282,82810,746.9,516400,RIGHT,2,Count
caro2,5,1,4,66,64,82880,750.1,496000,RIGHT,2,Count
caro2,5,2,108,444,338,112880,872,487300,RIGHT,2,Count
caro2,5,3,484,626,144,91800,744.7,486200,RIGHT,2,Count
caro2,5,4,676,856,182,90560,356.4,458300,RIGHT,2,Count
caro2,5,5,892,1014,124,74190,233.1,438500,RIGHT,2,Count
caro2,5,6,1076,1224,150,11280,397.4,434900,RIGHT,2,Count
caro2,5,7,1244,1408,166,16420,397.8,439900,RIGHT,2,Count
caro2,5,8,1440,1650,212,37980,435,455300,RIGHT,2,Count
caro2,5,9,1670,2162,494,35370,473.5,472600,RIGHT,2,Count
caro2,5,10,2180,3246,1068,36190,457,485900,RIGHT,2,Count
caro2,5,11,3266,4090,826,37460,509.5,494100,RIGHT,2,Count
caro2,5,12,4114,4802,690,43340,491.5,495800,RIGHT,2,Count
caro2,5,13,4822,5454,634,40900,538.7,500300,RIGHT,2,Count
caro2,5,14,5476,5686,212,47260,530.6,495500,RIGHT,2,Count
caro2,5,15,5720,6000,282,42840,399.1,491800,RIGHT,2,Count
caro2,5,16,6014,6472,460,40260,371.5,492600,RIGHT,2,Count
caro2,5,17,6488,6644,158,36390,367.7,490400,RIGHT,2,Count
caro2,5,18,6662,6832,172,40250,335.7,487500,RIGHT,2,Count
caro2,5,19,6854,7082,230,46760,358.4,490100,RIGHT,2,Count
caro2,5,20,7104,7694,592,49650,403.2,517900,RIGHT,2,Count
caro2,5,21,7712,8012,302,52420,374.7,520900,RIGHT,2,Count
caro2,5,22,8028,8374,348,54360,350.9,513600,RIGHT,2,Count
caro2,5,23,8388,8782,396,56470,324.5,515800,RIGHT,2,Count
caro2,5,24,8804,9222,420,62340,361,513800,RIGHT,2,Count
caro2,5,25,9250,9572,324,60740,286.9,506400,RIGHT,2,Count
caro2,5,26,9582,9784,204,58960,271.6,497000,RIGHT,2,Count
caro2,5,27,9800,10086,288,60410,236.3,482200,RIGHT,2,Count
caro2,5,28,10108,10516,410,64620,282.7,483600,RIGHT,2,Count
caro2,5,29,10540,11098,560,71330,330.2,494000,RIGHT,2,Count
caro2,5,30,11112,11270,160,74470,343.5,499100,RIGHT,2,Count
caro2,5,31,11294,11672,380,81250,293.4,493300,RIGHT,2,Count
caro2,5,32,11702,12182,482,78150,182.8,470500,RIGHT,2,Count
caro2,5,33,12214,12438,226,92140,245.9,462000,RIGHT,2,Count
caro2,5,34,12456,12868,414,88670,275.9,469700,RIGHT,2,Count
caro2,5,35,12892,13400,510,94080,312.3,484700,RIGHT,2,Count
caro2,5,36,13418,13698,282,98290,342.9,487800,RIGHT,2,Count
caro2,5,37,13710,14048,340,100660,326.5,489400,RIGHT,2,Count
caro2,5,38,14212,15026,816,102450,340.4,504100,RIGHT,2,Count
caro2,5,39,15052,15468,418,110530,315.2,494900,RIGHT,2,Count
caro2,5,40,15494,15684,192,117790,284.5,496900,RIGHT,2,Count
caro2,5,41,15712,16076,366,109620,376.5,504100,RIGHT,2,Count
caro2,5,42,16106,16384,280,122290,397.9,500300,RIGHT,2,Count
caro2,5,43,16424,16582,160,150590,425,493900,RIGHT,2,Count
caro2,5,44,16630,16940,312,103470,520.6,513000,RIGHT,2,Count
caro2,5,45,16982,17392,412,90060,697.6,501400,RIGHT,2,Count
caro2,5,46,17422,17602,182,95140,824.1,490500,RIGHT,2,Count
caro2,5,47,17644,17870,228,95470,480,477500,RIGHT,2,Count
caro2,5,48,17922,18218,298,100430,812,480300,RIGHT,2,Count
caro2,5,49,18234,18946,714,102700,827.5,488100,RIGHT,2,Count
caro2,5,50,18956,19418,464,100550,814.8,487800,RIGHT,2,Count
caro2,5,51,19426,21154,1730,97390,817.4,491000,RIGHT,2,Count
caro2,6,1,50,232,184,63080,197.8,553400,RIGHT,2,Search
caro2,6,2,262,392,132,45670,139.6,537700,RIGHT,2,Search
caro2,6,3,436,668,234,18240,67.7,534500,RIGHT,2,Search
caro2,6,4,690,884,196,15460,120.9,530600,RIGHT,2,Search
caro2,6,5,914,1198,286,9290,199.5,547900,RIGHT,2,Search
caro2,6,6,1226,1504,280,8570,291,576900,RIGHT,2,Search
caro2,6,7,1540,1878,340,12040,492.4,591600,RIGHT,2,Search
caro2,6,8,1912,2286,376,11160,655,604100,RIGHT,2,Search
caro2,6,9,2322,2550,230,25930,583.4,605700,RIGHT,2,Search
caro2,6,10,2572,2732,162,31070,563.6,599200,RIGHT,2,Search
caro2,6,11,2776,3126,352,19160,942.9,606100,RIGHT,2,Search
caro2,6,12,3178,3448,272,31890,554.9,603000,RIGHT,2,Search
caro2,6,13,3456,3652,198,30460,561.6,602900,RIGHT,2,Search
caro2,6,14,3712,3892,182,23020,153.2,595000,RIGHT,2,Search
caro2,6,15,3916,4278,364,24170,83.2,579000,RIGHT,2,Search
caro2,6,16,4314,4696,384,28290,303,586500,RIGHT,2,Search
caro2,6,17,4724,4940,218,39080,242.2,595600,RIGHT,2,Search
caro2,6,18,5002,5276,276,38010,872.8,608800,RIGHT,2,Search
caro2,6,19,5302,5592,292,35120,942.9,614000,RIGHT,2,Search
caro2,6,20,5632,6102,472,51700,833.4,618900,RIGHT,2,Search
caro2,6,21,6130,6260,132,64550,830.6,625700,RIGHT,2,Search
caro2,6,22,6302,6574,274,37720,533.1,613100,RIGHT,2,Search
caro2,6,23,6596,6810,216,33310,542.8,609300,RIGHT,2,Search
caro2,6,24,6824,7146,324,31320,561.6,614300,RIGHT,2,Search
caro2,6,25,7198,7452,256,60160,37.2,596200,RIGHT,2,Search
caro2,6,26,7492,7790,300,64750,265.7,595300,RIGHT,2,Search
caro2,6,27,7812,7968,158,58630,244.7,597100,RIGHT,2,Search
caro2,6,28,8004,8366,364,57890,427.7,599200,RIGHT,2,Search
caro2,6,29,8400,8572,174,43510,410.7,606600,RIGHT,2,Search
caro2,6,30,8632,8882,252,84140,895.4,616100,RIGHT,2,Search
caro2,6,31,8910,9090,182,71360,943.8,619400,RIGHT,2,Search
caro2,6,32,9122,9388,268,67800,820.8,611900,RIGHT,2,Search
caro2,6,33,9414,9658,246,65990,745.2,603900,RIGHT,2,Search
caro2,6,34,9678,9906,230,69120,794,602300,RIGHT,2,Search
caro2,6,35,9958,10162,206,124010,911,601100,RIGHT,2,Search
caro2,6,36,10184,10356,174,118630,942.7,610000,RIGHT,2,Search
caro2,6,37,10380,10640,262,108080,952.4,618800,RIGHT,2,Search
caro2,6,38,10674,10882,210,108960,805.4,615800,RIGHT,2,Search
caro2,6,39,10916,11232,318,87810,796.5,623900,RIGHT,2,Search
caro2,6,40,11278,11538,262,61730,612.3,626400,RIGHT,2,Search
caro2,6,41,11556,11666,112,60380,639.6,626500,RIGHT,2,Search
caro2,6,42,11726,12026,302,142230,651.5,616800,RIGHT,2,Search
caro2,6,43,12044,12280,238,138620,692.1,616800,RIGHT,2,Search
caro2,6,44,12306,12512,208,133250,756.2,631300,RIGHT,2,Search
caro2,6,45,12552,12846,296,137670,464.6,625000,RIGHT,2,Search
caro2,6,46,12860,13012,154,135510,492.6,603100,RIGHT,2,Search
caro2,6,47,13056,13318,264,144550,209.2,580300,RIGHT,2,Search
caro2,6,48,13350,13606,258,129550,202.1,574600,RIGHT,2,Search
caro2,6,49,13648,13966,320,153650,115.5,546900,RIGHT,2,Search
caro2,6,50,14014,14368,356,112830,335.6,565000,RIGHT,2,Search
caro2,6,51,14390,14846,458,117290,343.8,567600,RIGHT,2,Search
caro2,6,52,14864,15126,264,113340,379.2,559700,RIGHT,2,Search
caro2,6,53,15156,15502,348,108740,288.5,570300,RIGHT,2,Search
caro2,6,54,15534,15728,196,124420,296.2,587400,RIGHT,2,Search
caro2,6,55,15762,15912,152,117080,416,605300,RIGHT,2,Search
caro2,6,56,15924,16084,162,114360,418,611100,RIGHT,2,Search
caro2,6,57,16122,16302,182,91360,359.8,622400,RIGHT,2,Search
caro2,6,58,16328,16556,230,83120,381.1,619000,RIGHT,2,Search
caro2,6,59,16588,17014,428,68460,510.7,621000,RIGHT,2,Search
caro2,6,60,17036,17238,204,68040,465.3,620900,RIGHT,2,Search
caro2,6,61,17272,17492,222,84610,426.7,611700,RIGHT,2,Search
caro2,6,62,17560,17746,188,18410,478.4,616700,RIGHT,2,Search
caro2,6,63,17892,18148,258,14230,714.3,613100,RIGHT,2,Search
caro2,6,64,18182,18522,342,10210,907,622900,RIGHT,2,Search
caro2,6,65,18564,18872,310,36030,979.2,612000,RIGHT,2,Search
caro2,6,66,18916,19272,358,76080,979.3,604800,RIGHT,2,Search
caro2,6,67,19290,19456,168,70560,1007.2,609400,RIGHT,2,Search
caro2,6,68,19498,19822,326,106850,963.4,599500,RIGHT,2,Search
caro2,6,69,19854,20190,338,121510,947,603600,RIGHT,2,Search
caro2,6,70,20200,20370,172,118540,948.9,618300,RIGHT,2,Search
caro2,6,71,20402,20884,484,108010,836.8,612700,RIGHT,2,Search
caro2,6,72,20910,21138,230,95990,860.1,607300,RIGHT,2,Search
caro2,6,73,21162,21398,238,84490,823.9,607000,RIGHT,2,Search
caro2,6,74,21414,21690,278,80700,822.9,613700,RIGHT,2,Search
caro2,6,75,21718,21890,174,94020,863.7,613300,RIGHT,2,Search
caro2,6,76,21948,22204,258,153940,992.4,608000,RIGHT,2,Search
caro2,6,77,22220,22364,146,148430,976.6,608000,RIGHT,2,Search
caro2,6,78,22390,22762,374,154340,935.3,601000,RIGHT,2,Search
caro2,6,79,22794,23066,274,146170,826.5,596000,RIGHT,2,Search
caro2,6,80,23098,23350,254,137780,960.5,584100,RIGHT,2,Search
caro2,6,81,23380,23574,196,122400,930,581800,RIGHT,2,Search
caro2,6,82,23590,23906,318,119050,953.7,586400,RIGHT,2,Search
caro2,6,83,23926,24228,304,123190,975.9,599400,RIGHT,2,Search
caro2,6,84,24256,24578,324,102110,939.5,606100,RIGHT,2,Search
caro2,6,85,24640,24908,270,130360,33.9,580500,RIGHT,2,Search
caro2,6,86,24946,25208,264,154210,49.8,542900,RIGHT,2,Search
caro2,6,87,25258,25578,322,94740,0.4,550100,RIGHT,2,Search
caro2,6,88,25604,25856,254,82630,36.6,556700,RIGHT,2,Search
caro2,6,89,25898,26168,272,54310,33.5,544600,RIGHT,2,Search
caro2,6,90,26184,26338,156,51450,19.2,545200,RIGHT,2,Search
caro2,6,91,26380,26656,278,19260,105.6,550600,RIGHT,2,Search
caro2,6,92,26678,26816,140,14810,136.9,557000,RIGHT,2,Search
caro2,6,93,26832,26964,134,18850,120.4,552500,RIGHT,2,Search
caro2,6,94,27014,27310,298,71380,300.6,550300,RIGHT,2,Search
caro2,6,95,27336,27878,544,74070,242.6,548400,RIGHT,2,Search
caro2,6,96,27904,28234,332,75520,172.8,546300,RIGHT,2,Search
caro2,6,97,28254,28420,168,80770,139.4,541400,RIGHT,2,Search
caro2,6,98,28466,28676,212,115350,288,540700,RIGHT,2,Search
caro2,6,99,28704,29376,674,125520,288.1,559700,RIGHT,2,Search
caro2,6,100,29414,29556,144,118770,423.1,572400,RIGHT,2,Search
caro2,6,101,29570,29770,202,118870,409.1,563700,RIGHT,2,Search
caro2,6,102,29790,29982,194,115560,456.8,563600,RIGHT,2,Search
caro2,6,103,30006,30208,204,117070,394.2,567300,RIGHT,2,Search
caro2,6,104,30266,30492,228,48100,448.4,572200,RIGHT,2,Search
caro2,6,105,30512,30884,374,41670,438.9,564000,RIGHT,2,Search
caro2,6,106,30906,31194,290,45960,414.6,565900,RIGHT,2,Search
caro2,6,107,31214,31488,276,51210,414,562100,RIGHT,2,Search
caro2,6,108,31500,31664,166,48510,418.2,560900,RIGHT,2,Search
caro2,6,109,31688,31926,240,41860,387.3,565900,RIGHT,2,Search
caro2,6,110,31964,32296,334,33620,570,580000,RIGHT,2,Search
caro2,6,111,32320,32590,272,30630,637.4,582600,RIGHT,2,Search
caro2,6,112,32620,32874,256,31080,533.2,579900,RIGHT,2,Search
caro2,6,113,32888,33048,162,31410,564.1,570300,RIGHT,2,Search
caro2,6,114,33162,33500,340,20950,453,571600,RIGHT,2,Search
caro2,6,115,33536,33668,134,36110,573.2,558000,RIGHT,2,Search
caro2,6,116,33682,33896,216,33080,565.2,560800,RIGHT,2,Search
caro2,6,117,33928,34118,192,49880,560.8,556500,RIGHT,2,Search
caro2,6,118,34128,34280,154,47230,552.7,561000,RIGHT,2,Search
caro2,6,119,34320,34614,296,75580,496.4,559600,RIGHT,2,Search
caro2,6,120,34638,34918,282,64820,492.8,565500,RIGHT,2,Search
caro2,6,121,34954,35226,274,61630,648.5,572800,RIGHT,2,Search
caro2,6,122,35272,35444,174,29750,729.4,583800,RIGHT,2,Search
caro2,6,123,35468,35630,164,23560,756.6,596300,RIGHT,2,Search
caro2,6,124,35660,35964,306,8830,869.9,605900,RIGHT,2,Search
caro2,6,125,35998,36288,292,12900,702.8,607000,RIGHT,2,Search
caro2,6,126,36318,36478,162,27100,638.1,611500,RIGHT,2,Search
caro2,6,127,36498,36658,162,24190,672,611800,RIGHT,2,Search
caro2,6,128,36718,37034,318,71240,832.2,620000,RIGHT,2,Search
caro2,6,129,37072,37292,222,73510,659.4,616600,RIGHT,2,Search
caro2,6,130,37354,37644,292,136620,697.3,595800,RIGHT,2,Search
caro2,6,131,37670,37890,222,131780,762.9,598800,RIGHT,2,Search
caro2,6,132,37916,38116,202,138470,688.2,594100,RIGHT,2,Search
caro2,6,133,38128,38460,334,135910,675.3,584200,RIGHT,2,Search
caro2,6,134,38500,39048,550,158140,755.1,574000,RIGHT,2,Search
caro2,6,135,39088,39416,330,152470,499.5,591500,RIGHT,2,Search
caro2,6,136,39458,39736,280,156840,155.5,582900,RIGHT,2,Search
caro2,6,137,39816,39978,164,52440,70.9,587800,RIGHT,2,Search
caro2,6,138,40022,40200,180,20460,37,581100,RIGHT,2,Search
caro2,6,139,40240,40384,146,54510,10.7,584300,RIGHT,2,Search
caro2,6,140,40404,40566,164,48950,25.2,584200,RIGHT,2,Search
caro2,6,141,40614,40868,256,12770,186.8,582200,RIGHT,2,Search
caro2,6,142,40892,41040,150,14200,127.9,579300,RIGHT,2,Search
caro2,6,143,41104,41174,72,46880,655.1,595600,RIGHT,2,Search
caro2,7,1,4,200,198,46430,660,597600,RIGHT,2,Search
caro2,7,2,254,476,224,86780,814.4,609600,RIGHT,2,Search
caro2,7,3,512,648,138,93090,592.3,547800,RIGHT,2,Search
caro2,7,4,688,870,184,116710,520.3,493000,RIGHT,2,Search
caro2,7,5,926,1162,238,55560,948,466000,RIGHT,2,Search
caro2,7,6,1204,1404,202,22820,969.9,470200,RIGHT,2,Search
caro2,7,7,1438,1666,230,17660,836.9,477000,RIGHT,2,Search
caro2,7,8,1700,2168,470,18780,609.9,473100,RIGHT,2,Search
caro2,7,9,2186,2376,192,12850,647.3,478900,RIGHT,2,Search
caro2,7,10,2436,2816,382,65460,730,483400,RIGHT,2,Search
caro2,7,11,2842,3052,212,72670,667.7,487400,RIGHT,2,Search
caro2,7,12,3092,3228,138,79010,874,485200,RIGHT,2,Search
caro2,7,13,3254,3522,270,66990,848.4,490200,RIGHT,2,Search
caro2,7,14,3534,3848,316,64120,843.7,494600,RIGHT,2,Search
caro2,7,15,3870,4104,236,68930,896.7,498400,RIGHT,2,Search
caro2,7,16,4124,4650,528,64840,845,506400,RIGHT,2,Search
caro2,7,17,4684,4924,242,80510,942.2,514600,RIGHT,2,Search
caro2,7,18,4978,5184,208,141510,872.1,509000,RIGHT,2,Search
caro2,7,19,5210,5504,296,148610,839.3,507300,RIGHT,2,Search
caro2,7,20,5544,5718,176,123670,965.7,504200,RIGHT,2,Search
caro2,7,21,5742,5958,218,119890,882.1,505000,RIGHT,2,Search
caro2,7,22,5972,6184,214,118920,849.8,508100,RIGHT,2,Search
caro2,7,23,6226,6580,356,111560,501,509300,RIGHT,2,Search
caro2,7,24,6592,6742,152,109150,503.6,490900,RIGHT,2,Search
caro2,7,25,6782,7072,292,84380,637.8,479900,RIGHT,2,Search
caro2,7,26,7090,7370,282,78730,618.3,484700,RIGHT,2,Search
caro2,7,27,7392,7638,248,85220,595.7,485300,RIGHT,2,Search
caro2,7,28,7698,8070,374,153120,305.4,460300,RIGHT,2,Search
caro2,7,29,8118,8466,350,150700,778.3,476300,RIGHT,2,Search
caro2,7,30,8490,8638,150,143460,726.4,479200,RIGHT,2,Search
caro2,7,31,8678,8986,310,112860,830.2,483300,RIGHT,2,Search
caro2,7,32,9050,9372,324,25670,625.1,493900,RIGHT,2,Search
caro2,7,33,9396,9656,262,25620,562.6,474700,RIGHT,2,Search
caro2,7,34,9696,9884,190,53930,717.4,465700,RIGHT,2,Search
caro2,7,35,9902,10106,206,48490,719.1,473200,RIGHT,2,Search
caro2,7,36,10134,10366,234,64170,823.4,471500,RIGHT,2,Search
caro2,7,37,10412,10926,516,26620,943.1,484900,RIGHT,2,Search
caro2,7,38,10950,11126,178,17100,932.6,488100,RIGHT,2,Search
caro2,7,39,11160,11298,140,19490,726.9,486800,RIGHT,2,Search
caro2,7,40,11326,11700,376,19090,628,470000,RIGHT,2,Search
caro2,7,41,11740,11954,216,49870,709.9,462600,RIGHT,2,Search
caro2,7,42,11970,12386,418,44880,708,461900,RIGHT,2,Search
caro2,7,43,12416,12676,262,32790,614.3,468900,RIGHT,2,Search
caro2,7,44,12700,13132,434,31320,557.2,468400,RIGHT,2,Search
caro2,7,45,13162,13386,226,38700,443.4,468300,RIGHT,2,Search
caro2,7,46,13438,13870,434,89360,365.2,474600,RIGHT,2,Search
caro2,7,47,13910,14096,188,116880,401.9,490900,RIGHT,2,Search
caro2,7,48,14118,14342,226,110930,439.3,488100,RIGHT,2,Search
caro2,7,49,14390,14712,324,151600,264,465300,RIGHT,2,Search
caro2,7,50,14746,14872,128,135410,356.2,491900,RIGHT,2,Search
caro2,7,51,14910,15290,382,151950,220.7,506700,RIGHT,2,Search
caro2,7,52,15356,15714,360,150040,884.3,534100,RIGHT,2,Search
caro2,7,53,15736,15924,190,150870,819.4,501400,RIGHT,2,Search
caro2,7,54,15952,16164,214,157920,704.4,478200,RIGHT,2,Search
caro2,7,55,16180,16538,360,160020,683.6,469000,RIGHT,2,Search
caro2,7,56,16584,17000,418,121010,641.6,477200,RIGHT,2,Search
caro2,7,57,17024,17232,210,111520,646.5,473600,RIGHT,2,Search
caro2,7,58,17264,17506,244,113880,519.5,476200,RIGHT,2,Search
caro2,7,59,17530,17656,128,108300,582.6,479500,RIGHT,2,Search
caro2,7,60,17680,17844,166,110720,540.2,484000,RIGHT,2,Search
caro2,7,61,17886,18236,352,77610,651.4,496500,RIGHT,2,Search
caro2,7,62,18272,18528,258,57360,689.9,492600,RIGHT,2,Search
caro2,7,63,18578,18826,250,24700,988.2,502800,RIGHT,2,Search
caro2,7,64,18854,19154,302,11420,1003.7,499900,RIGHT,2,Search
caro2,7,65,19184,19494,312,13810,882,492700,RIGHT,2,Search
caro2,7,66,19538,19746,210,49990,829.6,482100,RIGHT,2,Search
caro2,7,67,19788,19954,168,80210,868,485600,RIGHT,2,Search
caro2,7,68,19996,20284,290,49000,755.4,489700,RIGHT,2,Search
caro2,7,69,20294,20486,194,50710,772.8,487000,RIGHT,2,Search
caro2,7,70,20532,20870,340,12170,766.5,497500,RIGHT,2,Search
caro2,7,71,20898,21190,294,11480,665.7,502000,RIGHT,2,Search
caro2,7,72,21216,21380,166,12000,591.1,497600,RIGHT,2,Search
caro2,7,73,21444,21824,382,99260,876.4,488400,RIGHT,2,Search
caro2,7,74,21862,22218,358,74320,941.2,474400,RIGHT,2,Search
caro2,7,75,22238,22666,430,68670,903.8,483900,RIGHT,2,Search
caro2,7,76,22716,23122,408,123070,857.2,487300,RIGHT,2,Search
caro2,7,77,23160,23536,378,148070,790.5,476000,RIGHT,2,Search
caro2,7,78,23594,23808,216,86950,600.6,500900,RIGHT,2,Search
caro2,7,79,23836,24078,244,75650,627.4,495200,RIGHT,2,Search
caro2,7,80,24096,24244,150,78180,597.4,482800,RIGHT,2,Search
caro2,7,81,24274,24560,288,62280,620.6,484500,RIGHT,2,Search
caro2,7,82,24660,24860,202,44330,737.1,494300,RIGHT,2,Search
caro2,7,83,25018,25202,186,43820,751.8,490900,RIGHT,2,Search
caro2,7,84,25224,25392,170,50350,760.4,498500,RIGHT,2,Search
caro2,7,85,25430,25686,258,37230,565.1,503800,RIGHT,2,Search
caro2,7,86,25706,25974,270,33430,538.3,482700,RIGHT,2,Search
caro2,7,87,26014,26280,268,27690,357,471000,RIGHT,2,Search
caro2,7,88,26350,26666,318,113150,747.9,506700,RIGHT,2,Search
caro2,7,89,26700,26982,284,116360,655.8,479900,RIGHT,2,Search
caro2,7,90,27018,27256,240,99990,605.6,464600,RIGHT,2,Search
caro2,7,91,27288,27558,272,113050,698.2,464200,RIGHT,2,Search
caro2,7,92,27586,27836,252,101800,614.4,470900,RIGHT,2,Search
caro2,7,93,27864,28146,284,86840,619.8,468900,RIGHT,2,Search
caro2,7,94,28172,28390,220,76210,600.7,475800,RIGHT,2,Search
caro2,7,95,28446,28762,318,144180,729.2,475200,RIGHT,2,Search
caro2,7,96,28794,29096,304,157450,686.3,476100,RIGHT,2,Search
caro2,7,97,29116,29332,218,162350,724.3,472900,RIGHT,2,Search
caro2,7,98,29356,29554,200,155730,648.7,472400,RIGHT,2,Search
caro2,7,99,29594,29866,274,149770,391.9,462000,RIGHT,2,Search
caro2,7,100,29902,30174,274,150860,258.9,453900,RIGHT,2,Search
caro2,7,101,30226,30672,448,93760,369.9,485400,RIGHT,2,Search
caro2,7,102,30698,31000,304,86500,408,502900,RIGHT,2,Search
caro2,7,103,31046,31296,252,50710,457.5,493000,RIGHT,2,Search
caro2,7,104,31330,31712,384,35190,547.6,489200,RIGHT,2,Search
caro2,7,105,31760,32098,340,83760,624.9,477400,RIGHT,2,Search
caro2,7,106,32138,32646,510,61430,705,468000,RIGHT,2,Search
caro2,7,107,32668,32916,250,63980,659.2,465400,RIGHT,2,Search
caro2,7,108,32940,33140,202,70130,681.3,467300,RIGHT,2,Search
caro2,7,109,33156,33660,506,66440,692.9,488600,RIGHT,2,Search
caro2,7,110,33688,34062,376,53710,698.5,486600,RIGHT,2,Search
caro2,7,111,34084,34448,366,46820,727.4,496100,RIGHT,2,Search
caro2,7,112,34464,34772,310,42440,729.8,506100,RIGHT,2,Search
caro2,7,113,34790,35170,382,43220,704.4,499400,RIGHT,2,Search
caro2,7,114,35212,35612,402,62240,783.9,508200,RIGHT,2,Search
caro2,7,115,35630,36086,458,64200,831.6,504800,RIGHT,2,Search
caro2,7,116,36100,36320,222,65640,863,503600,RIGHT,2,Search
caro2,7,117,36332,36592,262,64030,852.2,506300,RIGHT,2,Search
caro2,7,118,36632,37062,432,88130,860.5,512800,RIGHT,2,Search
caro2,7,119,37086,37468,384,80340,913.4,511500,RIGHT,2,Search
caro2,7,120,37484,37726,244,76200,915.7,510000,RIGHT,2,Search
caro2,7,121,37746,38666,922,69610,896.7,505500,RIGHT,2,Search
caro2,7,122,38716,39276,562,117550,900.8,487500,RIGHT,2,Search
caro2,7,123,39296,39546,252,110620,943.9,475200,RIGHT,2,Search
caro2,7,124,39582,39852,272,120210,802.2,479200,RIGHT,2,Search
caro2,7,125,39886,40258,374,122440,939.1,482600,RIGHT,2,Search
caro2,7,126,40296,40818,524,146360,892.7,480800,RIGHT,2,Search
caro2,7,127,40828,40996,170,146260,873.7,468300,RIGHT,2,Search
caro2,7,128,41034,41178,146,159130,710.7,463100,RIGHT,2,Search
caro2,8,1,4,68,66,158930,711.4,465700,RIGHT,2,Search
caro2,8,2,84,294,212,159900,683.1,468000,RIGHT,2,Search
caro2,8,3,348,606,260,86580,664.5,491900,RIGHT,2,Search
caro2,8,4,662,834,174,79300,263.2,505500,RIGHT,2,Search
caro2,8,5,888,1200,314,35450,90.5,499300,RIGHT,2,Search
caro2,8,6,1242,1570,330,27820,362.4,527300,RIGHT,2,Search
caro2,8,7,1602,1926,326,29660,500,548800,RIGHT,2,Search
caro2,8,8,1970,2220,252,50030,698.9,556000,RIGHT,2,Search
caro2,8,9,2238,6982,4746,52120,675.8,546400,RIGHT,2,Search
caro2,8,10,7102,7972,872,51560,661.1,540000,RIGHT,2,Search
caro2,8,11,7992,15738,7748,52390,670.2,530600,RIGHT,2,Search
caro2,8,12,15902,16426,526,52860,687.4,511400,RIGHT,2,Search
caro2,8,13,16450,16578,130,55170,678.4,489900,RIGHT,2,Search
caro2,8,14,16588,24650,8064,52540,685.8,492700,RIGHT,2,Search
caro2,8,15,24802,27272,2472,52740,681.3,505500,RIGHT,2,Search
caro2,8,16,27292,27616,326,51700,658,534500,RIGHT,2,Search
caro2,8,17,27624,30916,3294,52120,678.7,526400,RIGHT,2,Search
caro2,8,18,31056,35910,4856,51990,689.8,501800,RIGHT,2,Search
caro2,8,19,35934,38614,2682,51990,685.5,506600,RIGHT,2,Search
caro2,8,20,38784,41172,2390,53340,687,493600,RIGHT,2,Search
caro2,9,1,4,662,660,52470,678.2,508500,RIGHT,2,Search
caro2,9,2,696,938,244,40790,594,461900,RIGHT,2,Search
caro2,9,3,976,1216,242,17200,677,442900,RIGHT,2,Search
caro2,9,4,1246,1532,288,20460,586.4,449000,RIGHT,2,Search
caro2,9,5,1578,1828,252,57110,493.9,450400,RIGHT,2,Search
caro2,9,6,1890,2214,326,140420,506.3,426800,RIGHT,2,Search
caro2,9,7,2260,2546,288,129660,224.4,414700,RIGHT,2,Search
caro2,9,8,2594,2808,216,84800,266.1,427300,RIGHT,2,Search
caro2,9,9,2856,3098,244,42860,236,436400,RIGHT,2,Search
caro2,9,10,3130,3344,216,51190,107.8,439900,RIGHT,2,Search
caro2,9,11,3404,3696,294,132140,69.6,441800,RIGHT,2,Search
caro2,9,12,3764,3898,136,153380,642.7,460100,RIGHT,2,Search
caro2,9,13,3944,4148,206,147360,861.3,485700,RIGHT,2,Search
caro2,9,14,4172,4542,372,144690,783.5,504900,RIGHT,2,Search
caro2,9,15,4562,4820,260,141250,755.6,515500,RIGHT,2,Search
caro2,9,16,4848,5214,368,125060,707.5,527900,RIGHT,2,Search
caro2,9,17,5236,5528,294,129970,667.8,527800,RIGHT,2,Search
caro2,9,18,5542,5682,142,127640,655.6,526400,RIGHT,2,Search
caro2,9,19,5712,6084,374,111170,680.7,525900,RIGHT,2,Search
caro2,9,20,6106,6458,354,102580,662.6,530200,RIGHT,2,Search
caro2,9,21,6484,6774,292,90760,617.3,511500,RIGHT,2,Search
caro2,9,22,6818,7036,220,85750,1060.6,492800,RIGHT,2,Search
caro2,9,23,7060,7380,322,76060,1016.3,485800,RIGHT,2,Search
caro2,9,24,7406,7706,302,65010,1015.8,488800,RIGHT,2,Search
caro2,9,25,7736,8044,310,50040,999.4,507900,RIGHT,2,Search
caro2,9,26,8068,8266,200,39320,991.7,514500,RIGHT,2,Search
caro2,9,27,8288,8564,278,32560,963.7,508900,RIGHT,2,Search
caro2,9,28,8586,8890,306,31150,907.3,505300,RIGHT,2,Search
caro2,9,29,8918,9094,178,20690,776.5,514400,RIGHT,2,Search
caro2,9,30,9118,9660,544,17390,699,530800,RIGHT,2,Search
caro2,9,31,9706,10184,480,57210,714.9,530200,RIGHT,2,Search
caro2,9,32,10210,10362,154,52850,652.5,518700,RIGHT,2,Search
caro2,9,33,10396,10652,258,34510,608.4,520500,RIGHT,2,Search
caro2,9,34,10678,11040,364,19130,622.1,508700,RIGHT,2,Search
caro2,9,35,11066,11330,266,26540,580.8,518800,RIGHT,2,Search
caro2,9,36,11386,11660,276,18640,978.1,515300,RIGHT,2,Search
caro2,9,37,11684,12032,350,14520,889.5,529700,RIGHT,2,Search
caro2,9,38,12126,12340,216,148670,1053.1,525200,RIGHT,2,Search
caro2,9,39,12366,12590,226,158890,1032.6,524700,RIGHT,2,Search
caro2,9,40,12630,12880,252,119690,999.5,518200,RIGHT,2,Search
caro2,9,41,12912,13040,130,116670,847.4,515300,RIGHT,2,Search
caro2,9,42,13124,13274,152,124980,-459.2,492400,RIGHT,2,Search
caro2,9,43,13302,13440,140,113410,-551.4,474200,RIGHT,2,Search
caro2,9,44,13474,13534,62,96280,-145.2,452500,RIGHT,2,Search
caro2,9,45,13614,14168,556,145580,688.3,480100,RIGHT,2,Search
caro2,9,46,14194,14342,150,153580,678.5,507800,RIGHT,2,Search
caro2,9,47,14368,14634,268,160920,694,512500,RIGHT,2,Search
caro2,9,48,14664,14910,248,156620,586.5,511500,RIGHT,2,Search
caro2,9,49,14956,15316,362,123760,674.3,492700,RIGHT,2,Search
caro2,9,50,15342,15590,250,131830,668.4,492700,RIGHT,2,Search
caro2,9,51,15626,16052,428,107290,658.3,499200,RIGHT,2,Search
caro2,9,52,16070,16266,198,104330,689,502200,RIGHT,2,Search
caro2,9,53,16306,16526,222,79040,613.9,506700,RIGHT,2,Search
caro2,9,54,16552,16728,178,63250,579,511800,RIGHT,2,Search
caro2,9,55,16750,16976,228,56040,562.4,497200,RIGHT,2,Search
caro2,9,56,16984,17352,370,54810,566.8,482200,RIGHT,2,Search
caro2,9,57,17392,17712,322,30280,590.4,475000,RIGHT,2,Search
caro2,9,58,17740,18132,394,14490,611.6,484300,RIGHT,2,Search
caro2,9,59,18194,18436,244,91720,672.7,482000,RIGHT,2,Search
caro2,9,60,18456,18828,374,86480,647.4,487800,RIGHT,2,Search
caro2,9,61,18840,19042,204,83690,642.3,498400,RIGHT,2,Search
caro2,9,62,19084,19462,380,53740,680.5,497100,RIGHT,2,Search
caro2,9,63,19506,19694,190,20930,685.8,498000,RIGHT,2,Search
caro2,9,64,19712,20206,496,17010,691.8,507400,RIGHT,2,Search
caro2,9,65,20220,20398,180,17920,715.8,521400,RIGHT,2,Search
caro2,9,66,20488,20812,326,149490,778.6,510300,RIGHT,2,Search
caro2,9,67,20836,21252,418,147960,728.8,496500,RIGHT,2,Search
caro2,9,68,21272,21668,398,142030,750.1,496700,RIGHT,2,Search
caro2,9,69,21696,21852,158,138440,681.9,500500,RIGHT,2,Search
caro2,9,70,21880,22208,330,124460,708.1,502500,RIGHT,2,Search
caro2,9,71,22244,22408,166,142080,761.4,500800,RIGHT,2,Search
caro2,9,72,22422,22534,114,139370,748.3,506200,RIGHT,2,Search
caro2,9,73,22566,22810,246,126700,650.5,512900,RIGHT,2,Search
caro2,9,74,22828,23176,350,130040,655.3,520800,RIGHT,2,Search
caro2,9,75,23214,23632,420,102520,652.7,515300,RIGHT,2,Search
caro2,9,76,23674,23966,294,96550,875.8,522300,RIGHT,2,Search
caro2,9,77,24004,24248,246,81710,811.8,507900,RIGHT,2,Search
caro2,9,78,24268,24604,338,74140,807.7,499300,RIGHT,2,Search
caro2,9,79,24630,24926,298,70570,879.8,508400,RIGHT,2,Search
caro2,9,80,24958,25374,418,73550,777.3,508500,RIGHT,2,Search
caro2,9,81,25414,25748,336,102000,928.2,517300,RIGHT,2,Search
caro2,9,82,25772,26034,264,105560,876.1,504700,RIGHT,2,Search
caro2,9,83,26078,26418,342,141960,934.3,492100,RIGHT,2,Search
caro2,9,84,26446,26616,172,152990,993.8,503700,RIGHT,2,Search
caro2,9,85,26772,27024,254,157730,954.1,507100,RIGHT,2,Search
caro2,9,86,27046,27330,286,161370,899,503200,RIGHT,2,Search
caro2,9,87,27376,27724,350,122210,960.4,512600,RIGHT,2,Search
caro2,9,88,27752,28006,256,108760,998.1,510800,RIGHT,2,Search
caro2,9,89,28038,28524,488,89250,994.2,507900,RIGHT,2,Search
caro2,9,90,28550,28838,290,98820,1051.5,508500,RIGHT,2,Search
caro2,9,91,28886,29336,452,62770,968.7,506700,RIGHT,2,Search
caro2,9,92,29362,29542,182,54030,1032.2,510600,RIGHT,2,Search
caro2,9,93,29578,29884,308,32130,1006.1,510000,RIGHT,2,Search
caro2,9,94,29904,30288,386,30080,954.1,506300,RIGHT,2,Search
caro2,9,95,30316,30630,316,31320,852.2,499800,RIGHT,2,Search
caro2,9,96,30668,31004,338,18450,712.4,504400,RIGHT,2,Search
caro2,9,97,31056,31604,550,15810,993.9,503400,RIGHT,2,Search
caro2,9,98,31664,31964,302,92100,1072.4,516900,RIGHT,2,Search
caro2,9,99,31982,32310,330,89170,1034.1,504400,RIGHT,2,Search
caro2,9,100,32322,32602,282,89980,1006.5,496300,RIGHT,2,Search
caro2,9,101,32616,32940,326,87760,1027.5,506200,RIGHT,2,Search
caro2,9,102,32978,33236,260,61060,1025.1,511500,RIGHT,2,Search
caro2,9,103,33278,33438,162,90910,1041.5,506700,RIGHT,2,Search
caro2,9,104,33454,33708,256,87210,1021.6,524900,RIGHT,2,Search
caro2,9,105,33718,37728,4012,87780,1026.5,519900,RIGHT,2,Search
caro2,9,106,37746,39576,1832,88800,1026.1,512200,RIGHT,2,Search
caro2,9,107,39768,39826,60,89360,1030.8,517500,RIGHT,2,Search
caro2,9,108,39996,40466,472,88140,1022.2,532400,RIGHT,2,Search
caro2,9,109,40484,40680,198,91710,1033.1,522300,RIGHT,2,Search
caro2,9,110,40692,41176,486,88450,1030.1,514500,RIGHT,2,Search
caro2,10,1,4,412,410,88200,1030,504900,RIGHT,2,Search
caro2,10,2,456,722,268,72910,615.1,511500,RIGHT,2,Search
caro2,10,3,772,1206,436,72170,993.6,528100,RIGHT,2,Search
caro2,10,4,1228,1548,322,65340,960.5,542000,RIGHT,2,Search
caro2,10,5,1564,1798,236,62770,984.1,547600,RIGHT,2,Search
caro2,10,6,1866,2338,474,143170,927,534100,RIGHT,2,Search
caro2,10,7,2366,2650,286,134620,1000.6,514800,RIGHT,2,Search
caro2,10,8,2700,3008,310,113080,689.5,522100,RIGHT,2,Search
caro2,10,9,3032,3220,190,109630,628,526200,RIGHT,2,Search
caro2,10,10,3278,3546,270,156450,815.4,532100,RIGHT,2,Search
caro2,10,11,3572,3814,244,144900,752.2,545600,RIGHT,2,Search
caro2,10,12,3840,4108,270,144890,692.5,537900,RIGHT,2,Search
caro2,10,13,4140,4400,262,146000,558.6,524000,RIGHT,2,Search
caro2,10,14,4432,4684,254,151440,425.6,500600,RIGHT,2,Search
caro2,10,15,4728,5076,350,119890,355.8,511300,RIGHT,2,Search
caro2,10,16,5128,5570,444,96610,774.5,522700,RIGHT,2,Search
caro2,10,17,5614,5946,334,67560,960,535900,RIGHT,2,Search
caro2,10,18,5974,6188,216,62990,869.7,531700,RIGHT,2,Search
caro2,10,19,6228,6412,186,69210,682.3,509500,RIGHT,2,Search
caro2,10,20,6448,6832,386,86180,588.4,492700,RIGHT,2,Search
caro2,10,21,6852,7146,296,83490,621.4,491900,RIGHT,2,Search
caro2,10,22,7182,7528,348,98920,496,501800,RIGHT,2,Search
caro2,10,23,7550,7968,420,103210,440.1,498700,RIGHT,2,Search
caro2,10,24,8004,8206,204,94410,565.1,500000,RIGHT,2,Search
caro2,10,25,8226,8580,356,95950,530.1,512600,RIGHT,2,Search
caro2,10,26,8610,8748,140,99830,613.4,532200,RIGHT,2,Search
caro2,10,27,8802,8994,194,54740,482.4,533400,RIGHT,2,Search
caro2,10,28,9018,9306,290,45210,479.3,528100,RIGHT,2,Search
caro2,10,29,9326,9698,374,41880,527.1,524200,RIGHT,2,Search
caro2,10,30,9730,9902,174,44910,633.6,528400,RIGHT,2,Search
caro2,10,31,9926,10184,260,40850,702.2,537900,RIGHT,2,Search
caro2,10,32,10212,10606,396,28430,617.1,556800,RIGHT,2,Search
caro2,10,33,10634,10868,236,24300,549,556000,RIGHT,2,Search
caro2,10,34,10902,11254,354,22250,716.6,552400,RIGHT,2,Search
caro2,10,35,11276,11506,232,14200,702.6,550700,RIGHT,2,Search
caro2,10,36,11544,11800,258,17520,922.9,553600,RIGHT,2,Search
caro2,10,37,11872,12112,242,26840,162.5,541100,RIGHT,2,Search
caro2,10,38,12138,12384,248,25870,85.4,506900,RIGHT,2,Search
caro2,10,39,12404,12730,328,22400,53.4,477500,RIGHT,2,Search
caro2,10,40,12756,13048,294,14490,67.5,496200,RIGHT,2,Search
caro2,10,41,13068,13228,162,10040,77.7,505000,RIGHT,2,Search
caro2,10,42,13274,13656,384,48850,31.4,514300,RIGHT,2,Search
caro2,10,43,13686,13868,184,34170,57.3,526600,RIGHT,2,Search
caro2,10,44,13884,14106,224,30280,52.1,524500,RIGHT,2,Search
caro2,10,45,14146,14484,340,62040,86.7,515500,RIGHT,2,Search
caro2,10,46,14514,14726,214,63090,179.3,511300,RIGHT,2,Search
caro2,10,47,14764,15028,266,38040,142.9,499300,RIGHT,2,Search
caro2,10,48,15058,15426,370,25410,177.5,498100,RIGHT,2,Search
caro2,10,49,15448,15768,322,19700,126.8,493300,RIGHT,2,Search
caro2,10,50,15790,16160,372,23780,148.3,494200,RIGHT,2,Search
caro2,10,51,16190,16584,396,15500,242.5,504900,RIGHT,2,Search
caro2,10,52,16606,16840,236,13290,301.6,503300,RIGHT,2,Search
caro2,10,53,16864,17228,366,16630,242.4,505000,RIGHT,2,Search
caro2,10,54,17236,29530,12296,17290,225,509200,RIGHT,2,Search
caro2,10,55,29698,37332,7636,17010,231.3,486300,RIGHT,2,Search
caro2,10,56,37342,38318,978,17680,230.7,433400,RIGHT,2,Search
caro2,10,57,38512,38900,390,16480,274.1,446900,RIGHT,2,Search
caro2,10,58,38914,41174,2262,17420,241,458300,RIGHT,2,Search
Thomas1,1,1,4,344,342,76070,46600,464800,RIGHT,1,Search
Thomas1,1,2,386,516,132,81470,60520,479400,RIGHT,1,Search
Thomas1,1,3,558,1070,514,78940,71020,461300,RIGHT,1,Search
Thomas1,1,4,1114,1446,334,71610,37230,445700,RIGHT,1,Search
Thomas1,1,5,1496,1674,180,121760,26390,432800,RIGHT,1,Search
Thomas1,1,6,1730,1990,262,151770,72010,448400,RIGHT,1,Search
Thomas1,1,7,2030,2262,234,139720,81720,466900,RIGHT,1,Search
Thomas1,1,8,2284,2436,154,133240,81640,483200,RIGHT,1,Search
Thomas1,1,9,2466,2748,284,146760,65390,482800,RIGHT,1,Search
Thomas1,1,10,2784,3026,244,120430,57550,464600,RIGHT,1,Search
Thomas1,1,11,3052,3228,178,105380,48030,452000,RIGHT,1,Search
Thomas1,1,12,3268,3600,334,75000,44220,453700,RIGHT,1,Search
Thomas1,1,13,3642,3922,282,34030,56260,476600,RIGHT,1,Search
Thomas1,1,14,3976,4262,288,25640,75540,475600,RIGHT,1,Search
Thomas1,1,15,4310,4826,518,53650,46980,464400,RIGHT,1,Search
Thomas1,1,16,4872,5084,214,57930,64710,467700,RIGHT,1,Search
Thomas1,1,17,5126,5288,164,50790,73920,466100,RIGHT,1,Search
Thomas1,1,18,5344,5496,154,101230,64430,455900,RIGHT,1,Search
Thomas1,1,19,5514,5756,244,98800,64690,446200,RIGHT,1,Search
Thomas1,1,20,5796,5980,186,88570,72620,439500,RIGHT,1,Search
Thomas1,1,21,6002,6144,144,84510,74520,440100,RIGHT,1,Search
Thomas1,1,22,6188,6666,480,127840,85450,456300,RIGHT,1,Search
Thomas1,1,23,6712,6892,182,142900,72270,463800,RIGHT,1,Search
Thomas1,1,24,6942,7114,174,134460,101230,463400,RIGHT,1,Search
Thomas1,1,25,7126,7298,174,131690,99390,469400,RIGHT,1,Search
Thomas1,1,26,7346,7566,222,148660,70180,478200,RIGHT,1,Search
Thomas1,1,27,7590,7804,216,152130,65830,474700,RIGHT,1,Search
Thomas1,1,28,7832,8000,170,156320,58320,463600,RIGHT,1,Search
Thomas1,1,29,8046,8296,252,157080,24070,444600,RIGHT,1,Search
Thomas1,1,30,8322,8526,206,145360,14410,446700,RIGHT,1,Search
Thomas1,1,31,8570,8790,222,99150,16060,436500,RIGHT,1,Search
Thomas1,1,32,8834,9004,172,63910,32190,436200,RIGHT,1,Search
Thomas1,1,33,9032,9314,284,73290,42330,441500,RIGHT,1,Search
Thomas1,1,34,9354,9636,284,57960,49110,473100,RIGHT,1,Search
Thomas1,1,35,9664,9948,286,37740,48970,485800,RIGHT,1,Search
Thomas1,1,36,10014,10240,228,19590,87620,507600,RIGHT,1,Search
Thomas1,1,37,10264,10448,186,23690,84280,522000,RIGHT,1,Search
Thomas1,1,38,10482,10676,196,24560,66580,532700,RIGHT,1,Search
Thomas1,1,39,10706,10964,260,26170,55130,524000,RIGHT,1,Search
Thomas1,1,40,10986,11138,154,30010,58300,503100,RIGHT,1,Search
Thomas1,1,41,11152,11328,178,26730,58780,503400,RIGHT,1,Search
Thomas1,1,42,11374,11524,152,46980,72580,503700,RIGHT,1,Search
Thomas1,1,43,11566,11734,170,18840,86410,504000,RIGHT,1,Search
Thomas1,1,44,11770,11898,130,13200,91870,502900,RIGHT,1,Search
Thomas1,1,45,11964,12156,194,83390,67740,506000,RIGHT,1,Search
Thomas1,1,46,12178,12412,236,80920,63180,505200,RIGHT,1,Search
Thomas1,1,47,12440,12748,310,81150,55740,483200,RIGHT,1,Search
Thomas1,1,48,12772,12932,162,83170,50990,480900,RIGHT,1,Search
Thomas1,1,49,12968,13222,256,112100,47880,483900,RIGHT,1,Search
Thomas1,1,50,13256,13538,284,128600,49960,493300,RIGHT,1,Search
Thomas1,1,51,13572,13770,200,151460,48150,495400,RIGHT,1,Search
Thomas1,1,52,13822,14096,276,157890,89170,500600,RIGHT,1,Search
Thomas1,1,53,14124,14274,152,140590,89520,501300,RIGHT,1,Search
Thomas1,1,54,14310,14480,172,135860,97910,490400,RIGHT,1,Search
Thomas1,1,55,14490,14708,220,134050,99050,486100,RIGHT,1,Search
Thomas1,1,56,14756,15004,250,149450,69670,489700,RIGHT,1,Search
Thomas1,1,57,15026,15182,158,154210,67270,483400,RIGHT,1,Search
Thomas1,1,58,15210,15454,246,139680,63420,472900,RIGHT,1,Search
Thomas1,1,59,15464,15608,146,141610,63810,469200,RIGHT,1,Search
Thomas1,1,60,15642,15830,190,153600,49140,463300,RIGHT,1,Search
Thomas1,1,61,15862,16058,198,158150,34880,445900,RIGHT,1,Search
Thomas1,1,62,16100,16290,192,159580,15610,426100,RIGHT,1,Search
Thomas1,1,63,16316,16418,104,145180,12370,418400,RIGHT,1,Search
Thomas1,1,64,16462,16802,342,101230,7170,406700,RIGHT,1,Search
Thomas1,1,65,16862,17194,334,95200,68770,425700,RIGHT,1,Search
Thomas1,1,66,17230,17662,434,87460,73870,445200,RIGHT,1,Search
Thomas1,1,67,17684,17878,196,83490,75450,452800,RIGHT,1,Search
Thomas1,1,68,17912,18162,252,100380,57700,460300,RIGHT,1,Search
Thomas1,1,69,18182,18578,398,96940,57520,456200,RIGHT,1,Search
Thomas1,1,70,18592,18980,390,98480,55180,443100,RIGHT,1,Search
Thomas1,1,71,19004,19324,322,103000,59480,444400,RIGHT,1,Search
Thomas1,1,72,19334,20628,1296,104200,58330,444100,RIGHT,1,Search
Thomas1,1,73,20678,20932,256,42620,69880,455600,RIGHT,1,Search
Thomas1,1,74,20954,21180,228,46620,73250,453200,RIGHT,1,Search
Thomas1,2,1,24,26,4,29650,92130,453200,RIGHT,1,Search
Thomas1,2,2,36,192,158,28600,92370,450700,RIGHT,1,Search
Thomas1,2,3,220,332,114,14230,94510,455500,RIGHT,1,Search
Thomas1,2,4,396,540,146,64780,67150,449900,RIGHT,1,Search
Thomas1,2,5,582,988,408,82760,54590,452000,RIGHT,1,Search
Thomas1,2,6,1014,1202,190,79500,44160,434800,RIGHT,1,Search
Thomas1,2,7,1214,1400,188,77410,42500,424100,RIGHT,1,Search
Thomas1,2,8,1442,1610,170,103790,25990,408400,RIGHT,1,Search
Thomas1,2,9,1632,1816,186,113270,24390,409600,RIGHT,1,Search
Thomas1,2,10,1860,2012,154,61510,19490,417700,RIGHT,1,Search
Thomas1,2,11,2076,2388,314,76350,82370,439900,RIGHT,1,Search
Thomas1,2,12,2414,2522,110,85300,86560,441600,RIGHT,1,Search
Thomas1,2,13,2564,2804,242,85540,59650,434600,RIGHT,1,Search
Thomas1,2,14,2828,3002,176,81650,62330,433000,RIGHT,1,Search
Thomas1,2,15,3030,3354,326,91470,56500,430100,RIGHT,1,Search
Thomas1,2,16,3376,3856,482,83280,54620,424100,RIGHT,1,Search
Thomas1,2,17,3878,4182,306,82880,48460,425800,RIGHT,1,Search
Thomas1,2,18,4208,4430,224,78130,41120,423900,RIGHT,1,Search
Thomas1,2,19,4448,4560,114,74680,41890,428800,RIGHT,1,Search
Thomas1,2,20,4622,4856,236,58730,71080,442900,RIGHT,1,Search
Thomas1,2,21,4896,5056,162,48940,77680,443800,RIGHT,1,Search
Thomas1,2,22,5100,5348,250,75870,81940,444400,RIGHT,1,Search
Thomas1,2,23,5374,5510,138,81970,89740,445500,RIGHT,1,Search
Thomas1,2,24,5560,5882,324,109930,52130,446300,RIGHT,1,Search
Thomas1,2,25,5912,6084,174,124480,56950,452900,RIGHT,1,Search
Thomas1,2,26,6096,6368,274,127540,58010,460800,RIGHT,1,Search
Thomas1,2,27,6412,6636,226,110070,68570,476200,RIGHT,1,Search
Thomas1,2,28,6666,6870,206,128940,58580,475900,RIGHT,1,Search
Thomas1,2,29,6920,7166,248,99800,86080,488100,RIGHT,1,Search
Thomas1,2,30,7178,7378,202,96640,85150,482000,RIGHT,1,Search
Thomas1,2,31,7404,7624,222,104370,76200,469200,RIGHT,1,Search
Thomas1,2,32,7648,7810,164,105910,68740,465400,RIGHT,1,Search
Thomas1,2,33,7838,8160,324,93790,68540,472800,RIGHT,1,Search
Thomas1,2,34,8184,8466,284,86470,62200,460700,RIGHT,1,Search
Thomas1,2,35,8490,8656,168,79310,64410,448400,RIGHT,1,Search
Thomas1,2,36,8708,8862,156,106760,31270,435100,RIGHT,1,Search
Thomas1,2,37,8888,9090,204,113390,23130,428200,RIGHT,1,Search
Thomas1,2,38,9136,9274,140,94040,32890,432300,RIGHT,1,Search
Thomas1,2,39,9300,9470,172,85960,24400,439300,RIGHT,1,Search
Thomas1,2,40,9518,9684,168,107080,39240,449600,RIGHT,1,Search
Thomas1,2,41,9698,9924,228,110120,39390,454200,RIGHT,1,Search
Thomas1,2,42,9960,10156,198,80180,36980,464700,RIGHT,1,Search
Thomas1,2,43,10180,10398,220,71820,38140,458600,RIGHT,1,Search
Thomas1,2,44,10434,10632,200,49330,46780,457900,RIGHT,1,Search
Thomas1,2,45,10676,10844,170,40560,59070,461200,RIGHT,1,Search
Thomas1,2,46,10888,11114,228,55200,72040,467300,RIGHT,1,Search
Thomas1,2,47,11140,11296,158,62800,69880,463700,RIGHT,1,Search
Thomas1,2,48,11334,11610,278,71860,79670,461700,RIGHT,1,Search
Thomas1,2,49,11636,11776,142,66540,84500,465300,RIGHT,1,Search
Thomas1,2,50,11818,11982,166,79130,97000,476400,RIGHT,1,Search
Thomas1,2,51,11998,12158,162,76090,97880,487700,RIGHT,1,Search
Thomas1,2,52,12188,12500,314,93390,93860,494300,RIGHT,1,Search
Thomas1,2,53,12524,12710,188,100040,96090,491000,RIGHT,1,Search
Thomas1,2,54,12726,12884,160,100890,99060,490700,RIGHT,1,Search
Thomas1,2,55,12892,13078,188,101810,100110,487100,RIGHT,1,Search
Thomas1,2,56,13110,13326,218,114410,85400,486300,RIGHT,1,Search
Thomas1,2,57,13342,13486,146,110800,84800,488800,RIGHT,1,Search
Thomas1,2,58,13508,13692,186,102880,80920,489900,RIGHT,1,Search
Thomas1,2,59,13722,13918,198,110900,69180,480200,RIGHT,1,Search
Thomas1,2,60,13932,14196,266,106620,67890,473300,RIGHT,1,Search
Thomas1,2,61,14228,14362,136,124680,73860,469600,RIGHT,1,Search
Thomas1,2,62,14404,14640,238,94440,71830,464700,RIGHT,1,Search
Thomas1,2,63,14652,14870,220,94370,70490,463800,RIGHT,1,Search
Thomas1,2,64,14894,15180,288,86330,64320,449400,RIGHT,1,Search
Thomas1,2,65,15204,15526,324,86510,58640,433000,RIGHT,1,Search
Thomas1,2,66,15548,15780,234,80110,56120,421400,RIGHT,1,Search
Thomas1,2,67,15796,16152,358,76250,57210,417500,RIGHT,1,Search
Thomas1,2,68,16178,16436,260,85290,60780,413400,RIGHT,1,Search
Thomas1,2,69,16448,16742,296,82400,59270,410900,RIGHT,1,Search
Thomas1,2,70,16752,16972,222,80500,59090,414300,RIGHT,1,Search
Thomas1,2,71,17002,17276,276,78200,48800,421000,RIGHT,1,Search
Thomas1,2,72,17300,17516,218,80270,54180,423700,RIGHT,1,Search
Thomas1,2,73,17532,17716,186,80610,56060,428500,RIGHT,1,Search
Thomas1,2,74,17734,18082,350,83610,55730,435400,RIGHT,1,Search
Thomas1,2,75,18096,18358,264,85120,54490,444200,RIGHT,1,Search
Thomas1,2,76,18382,18672,292,83690,47370,432700,RIGHT,1,Search
Thomas1,2,77,18700,18912,214,76090,38440,427200,RIGHT,1,Search
Thomas1,2,78,18944,19118,176,61320,22800,421600,RIGHT,1,Search
Thomas1,2,79,19132,19278,148,59170,20430,425200,RIGHT,1,Search
Thomas1,2,80,19326,19596,272,48490,40660,435200,RIGHT,1,Search
Thomas1,2,81,19644,19880,238,45480,60600,457500,RIGHT,1,Search
Thomas1,2,82,19902,20074,174,38810,60240,466200,RIGHT,1,Search
Thomas1,2,83,20120,20402,284,59500,76350,465600,RIGHT,1,Search
Thomas1,2,84,20428,20630,204,68300,83570,470700,RIGHT,1,Search
Thomas1,2,85,20664,20858,196,43280,80850,477800,RIGHT,1,Search
Thomas1,2,86,20916,21078,164,73570,100170,497300,RIGHT,1,Search
Thomas1,2,87,21096,21144,50,70400,98090,502900,RIGHT,1,Search
Thomas1,3,1,4,154,152,74540,95570,504600,RIGHT,1,Search
Thomas1,3,2,208,464,258,75200,53700,483400,RIGHT,1,Search
Thomas1,3,3,522,678,158,87270,74990,475500,RIGHT,1,Search
Thomas1,3,4,698,846,150,82040,74220,458600,RIGHT,1,Search
Thomas1,3,5,872,1048,178,70520,77450,452200,RIGHT,1,Search
Thomas1,3,6,1072,1290,220,63170,78700,455700,RIGHT,1,Search
Thomas1,3,7,1340,1556,218,77080,39740,451100,RIGHT,1,Search
Thomas1,3,8,1584,1842,260,74760,28980,440200,RIGHT,1,Search
Thomas1,3,9,1908,2110,204,31510,58210,453100,RIGHT,1,Search
Thomas1,3,10,2144,2274,132,36080,62690,458500,RIGHT,1,Search
Thomas1,3,11,2304,2658,356,16100,63650,459800,RIGHT,1,Search
Thomas1,3,12,2682,2850,170,11440,67380,469400,RIGHT,1,Search
Thomas1,3,13,2860,3076,218,10580,68500,475800,RIGHT,1,Search
Thomas1,3,14,3168,3438,272,120340,60560,476200,RIGHT,1,Search
Thomas1,3,15,3476,3704,230,129740,64540,471300,RIGHT,1,Search
Thomas1,3,16,3754,3954,202,155260,39320,460200,RIGHT,1,Search
Thomas1,3,17,4000,4234,236,106440,51100,465200,RIGHT,1,Search
Thomas1,3,18,4272,4416,146,108770,60920,469900,RIGHT,1,Search
Thomas1,3,19,4430,5066,638,105940,62030,472400,RIGHT,1,Search
Thomas1,3,20,5122,5388,268,51700,62430,465600,RIGHT,1,Search
Thomas1,3,21,5456,5744,290,119610,90170,462600,RIGHT,1,Search
Thomas1,3,22,5786,6050,266,136320,98440,463000,RIGHT,1,Search
Thomas1,3,23,6078,6244,168,113010,99380,466500,RIGHT,1,Search
Thomas1,3,24,6264,6696,434,115480,103360,467600,RIGHT,1,Search
Thomas1,3,25,6758,6958,202,56600,102190,486600,RIGHT,1,Search
Thomas1,3,26,6994,7410,418,49850,106270,483100,RIGHT,1,Search
Thomas1,3,27,7440,7594,156,41330,97540,485100,RIGHT,1,Search
Thomas1,3,28,7620,7904,286,33940,100960,484700,RIGHT,1,Search
Thomas1,3,29,7962,8250,290,84810,82780,474900,RIGHT,1,Search
Thomas1,3,30,8276,8506,232,96520,75300,462200,RIGHT,1,Search
Thomas1,3,31,8526,9472,948,101600,74300,455600,RIGHT,1,Search
Thomas1,3,32,9552,9828,278,80140,23560,442200,RIGHT,1,Search
Thomas1,3,33,9850,10008,160,76660,18380,429000,RIGHT,1,Search
Thomas1,3,34,10050,10220,172,40450,25380,417200,RIGHT,1,Search
Thomas1,3,35,10248,10480,234,34360,33920,416600,RIGHT,1,Search
Thomas1,3,36,10534,10886,354,95610,34350,436800,RIGHT,1,Search
Thomas1,3,37,10904,10986,84,96510,32720,434900,RIGHT,1,Search
Thomas1,3,38,11034,11448,416,153820,25700,424300,RIGHT,1,Search
Thomas1,3,39,11514,11680,168,69670,68490,449600,RIGHT,1,Search
Thomas1,3,40,11706,11888,184,56840,65080,448600,RIGHT,1,Search
Thomas1,3,41,11908,12100,194,52120,65230,451300,RIGHT,1,Search
Thomas1,3,42,12122,12270,150,58040,66560,445500,RIGHT,1,Search
Thomas1,3,43,12308,12566,260,32540,69520,449800,RIGHT,1,Search
Thomas1,3,44,12592,12780,190,22030,68510,441000,RIGHT,1,Search
Thomas1,3,45,12806,13022,218,9540,67310,436000,RIGHT,1,Search
Thomas1,3,46,13094,13216,124,96330,71070,441900,RIGHT,1,Search
Thomas1,3,47,13274,13452,180,21510,78780,442600,RIGHT,1,Search
Thomas1,3,48,13476,13606,132,13360,78090,443200,RIGHT,1,Search
Thomas1,3,49,13668,13804,138,95610,73930,446200,RIGHT,1,Search
Thomas1,3,50,13840,14218,380,103520,73220,446900,RIGHT,1,Search
Thomas1,3,51,14256,14448,194,107010,56390,440700,RIGHT,1,Search
Thomas1,3,52,14476,14618,144,98960,48140,432600,RIGHT,1,Search
Thomas1,3,53,14650,14814,166,107880,66500,440200,RIGHT,1,Search
Thomas1,3,54,14830,15060,232,106660,63140,442800,RIGHT,1,Search
Thomas1,3,55,15102,15276,176,69640,65870,445500,RIGHT,1,Search
Thomas1,3,56,15302,15568,268,58000,66800,458300,RIGHT,1,Search
Thomas1,3,57,15592,15928,338,45140,62170,458000,RIGHT,1,Search
Thomas1,3,58,15956,16152,198,60310,64490,447000,RIGHT,1,Search
Thomas1,3,59,16162,16352,192,58750,64380,449300,RIGHT,1,Search
Thomas1,3,60,16402,16658,258,47970,35290,436700,RIGHT,1,Search
Thomas1,3,61,16684,16832,150,35280,33150,426700,RIGHT,1,Search
Thomas1,3,62,16884,17070,188,90470,26730,427600,RIGHT,1,Search
Thomas1,3,63,17110,17466,358,119330,18470,424500,RIGHT,1,Search
Thomas1,3,64,17506,17704,200,93710,8830,417200,RIGHT,1,Search
Thomas1,3,65,17752,17968,218,47110,6660,411200,RIGHT,1,Search
Thomas1,3,66,18010,18240,232,15690,15490,406100,RIGHT,1,Search
Thomas1,3,67,18258,18648,392,12020,13870,410800,RIGHT,1,Search
Thomas1,3,68,18684,18856,174,13550,41040,432600,RIGHT,1,Search
Thomas1,3,69,18882,19030,150,8490,45470,448100,RIGHT,1,Search
Thomas1,3,70,19072,19304,234,19270,59670,456400,RIGHT,1,Search
Thomas1,3,71,19336,19402,68,15250,64400,458500,RIGHT,1,Search
Thomas1,3,72,19612,19706,96,16240,66060,473000,RIGHT,1,Search
Thomas1,3,73,19720,20066,348,15240,63830,478100,RIGHT,1,Search
Thomas1,3,74,20102,20378,278,9170,68150,476600,RIGHT,1,Search
Thomas1,3,75,20464,20716,254,126670,60310,459800,RIGHT,1,Search
Thomas1,3,76,20742,21014,274,136030,64730,460200,RIGHT,1,Search
Thomas1,3,77,21060,21182,124,157660,46030,452600,RIGHT,1,Search
Thomas1,4,1,4,138,136,157580,45740,454200,RIGHT,1,Search
Thomas1,4,2,166,398,234,151630,54200,457900,RIGHT,1,Search
Thomas1,4,3,450,620,172,104610,50720,448900,RIGHT,1,Search
Thomas1,4,4,646,824,180,90790,47680,421100,RIGHT,1,Search
Thomas1,4,5,852,1216,366,83710,55110,400700,RIGHT,1,Search
Thomas1,4,6,1260,1574,316,38830,77000,413600,RIGHT,1,Search
Thomas1,4,7,1602,1908,308,31760,89350,425100,RIGHT,1,Search
Thomas1,4,8,1932,2112,182,38910,91300,430000,RIGHT,1,Search
Thomas1,4,9,2180,2450,272,33070,16170,411800,RIGHT,1,Search
Thomas1,4,10,2498,2692,196,96020,16980,407200,RIGHT,1,Search
Thomas1,4,11,2724,2956,234,113810,22830,405400,RIGHT,1,Search
Thomas1,4,12,2970,3056,88,111690,23950,404200,RIGHT,1,Search
Thomas1,4,13,3082,3346,266,118650,19430,406000,RIGHT,1,Search
Thomas1,4,14,3400,3608,210,124700,51450,431400,RIGHT,1,Search
Thomas1,4,15,3670,3910,242,86480,71460,431000,RIGHT,1,Search
Thomas1,4,16,3950,4116,168,104060,81790,427800,RIGHT,1,Search
Thomas1,4,17,4160,4326,168,63490,70750,427400,RIGHT,1,Search
Thomas1,4,18,4366,4546,182,85960,92930,428800,RIGHT,1,Search
Thomas1,4,19,4570,4742,174,91740,88570,430300,RIGHT,1,Search
Thomas1,4,20,4758,5050,294,89810,86030,431600,RIGHT,1,Search
Thomas1,4,21,5096,5324,230,98400,48760,425900,RIGHT,1,Search
Thomas1,4,22,5352,5530,180,85420,54890,422300,RIGHT,1,Search
Thomas1,4,23,5548,5822,276,81290,56220,421500,RIGHT,1,Search
Thomas1,4,24,5840,6064,226,77260,56020,427500,RIGHT,1,Search
Thomas1,4,25,6076,6212,138,79710,56200,427500,RIGHT,1,Search
Thomas1,4,26,6262,6594,334,37900,77350,435900,RIGHT,1,Search
Thomas1,4,27,6634,6870,238,31000,90120,442300,RIGHT,1,Search
Thomas1,4,28,6908,7006,100,27670,98820,448600,RIGHT,1,Search
Thomas1,4,29,7106,7438,334,135990,58210,446700,RIGHT,1,Search
Thomas1,4,30,7464,7840,378,123020,58080,440700,RIGHT,1,Search
Thomas1,4,31,7874,8192,320,115040,36820,428500,RIGHT,1,Search
Thomas1,4,32,8220,8490,272,110770,24990,428000,RIGHT,1,Search
Thomas1,4,33,8518,8772,256,118340,17790,424000,RIGHT,1,Search
Thomas1,4,34,8796,9000,206,125190,15320,425400,RIGHT,1,Search
Thomas1,4,35,9024,9174,152,119640,16890,423800,RIGHT,1,Search
Thomas1,4,36,9196,9282,88,125340,14220,420000,RIGHT,1,Search
Thomas1,4,37,9322,9568,248,149960,5250,413000,RIGHT,1,Search
Thomas1,4,38,9618,9888,272,153590,58350,435900,RIGHT,1,Search
Thomas1,4,39,9922,10190,270,160820,69340,448500,RIGHT,1,Search
Thomas1,4,40,10214,10294,82,158530,63890,462400,RIGHT,1,Search
Thomas1,4,41,10376,10694,320,71450,37240,455800,RIGHT,1,Search
Thomas1,4,42,10722,11058,338,54650,39770,456600,RIGHT,1,Search
Thomas1,4,43,11096,11264,170,87600,38720,450200,RIGHT,1,Search
Thomas1,4,44,11284,11806,524,86600,34870,434400,RIGHT,1,Search
Thomas1,4,45,11834,12262,430,97960,39500,428200,RIGHT,1,Search
Thomas1,4,46,12320,12498,180,64830,61960,434600,RIGHT,1,Search
Thomas1,4,47,12520,12836,318,59380,63580,431000,RIGHT,1,Search
Thomas1,4,48,12870,13130,262,42530,76920,427200,RIGHT,1,Search
Thomas1,4,49,13148,13240,94,38630,76920,425800,RIGHT,1,Search
Thomas1,4,50,13286,13536,252,37040,39340,411600,RIGHT,1,Search
Thomas1,4,51,13564,13782,220,47670,43440,410400,RIGHT,1,Search
Thomas1,4,52,13808,14120,314,54230,47080,411400,RIGHT,1,Search
Thomas1,4,53,14166,14354,190,83820,66710,415200,RIGHT,1,Search
Thomas1,4,54,14386,14608,224,100330,86470,419100,RIGHT,1,Search
Thomas1,4,55,14632,14788,158,91090,86630,425300,RIGHT,1,Search
Thomas1,4,56,14796,15006,212,89090,86000,428300,RIGHT,1,Search
Thomas1,4,57,15058,15348,292,118750,49160,423000,RIGHT,1,Search
Thomas1,4,58,15372,15706,336,122790,54990,417900,RIGHT,1,Search
Thomas1,4,59,15732,15942,212,123920,60430,426700,RIGHT,1,Search
Thomas1,4,60,15960,16084,126,125160,57080,426600,RIGHT,1,Search
Thomas1,4,61,16128,16484,358,131150,74340,431300,RIGHT,1,Search
Thomas1,4,62,16544,16832,290,36730,85770,428400,RIGHT,1,Search
Thomas1,4,63,16858,17090,234,32860,91560,425000,RIGHT,1,Search
Thomas1,4,64,17150,17398,250,88230,36820,405800,RIGHT,1,Search
Thomas1,4,65,17426,17602,178,83800,25740,398900,RIGHT,1,Search
Thomas1,4,66,17626,17876,252,86130,32400,395900,RIGHT,1,Search
Thomas1,4,67,17924,18152,230,46820,20180,413600,RIGHT,1,Search
Thomas1,4,68,18176,18308,134,35610,18480,416800,RIGHT,1,Search
Thomas1,4,69,18368,18562,196,46490,58980,436600,RIGHT,1,Search
Thomas1,4,70,18576,18730,156,43950,57470,439800,RIGHT,1,Search
Thomas1,4,71,18770,18940,172,58280,67610,443200,RIGHT,1,Search
Thomas1,4,72,18952,21200,2250,60080,68430,444200,RIGHT,1,Search
Thomas1,5,1,4,456,454,59740,69350,444200,RIGHT,1,Search
Thomas1,5,2,496,700,206,82200,42110,429900,RIGHT,1,Search
Thomas1,5,3,730,904,176,84160,32290,403200,RIGHT,1,Search
Thomas1,5,4,938,1170,234,108980,29900,388500,RIGHT,1,Search
Thomas1,5,5,1194,1328,136,111610,36620,385700,RIGHT,1,Search
Thomas1,5,6,1382,1682,302,49900,81960,406900,RIGHT,1,Search
Thomas1,5,7,1716,1872,158,35350,76660,416800,RIGHT,1,Search
Thomas1,5,8,1884,2048,166,32830,75890,424300,RIGHT,1,Search
Thomas1,5,9,2078,2366,290,52540,80780,430300,RIGHT,1,Search
Thomas1,5,10,2420,2596,178,97260,83020,430400,RIGHT,1,Search
Thomas1,5,11,2624,2870,248,101920,93610,423800,RIGHT,1,Search
Thomas1,5,12,2916,3076,162,50800,97570,428000,RIGHT,1,Search
Thomas1,5,13,3098,3246,150,45990,99390,421100,RIGHT,1,Search
Thomas1,5,14,3270,3698,430,38740,94570,428900,RIGHT,1,Search
Thomas1,5,15,3730,4018,290,20000,89770,441000,RIGHT,1,Search
Thomas1,5,16,4070,4250,182,23480,43880,419400,RIGHT,1,Search
Thomas1,5,17,4292,4452,162,46540,45470,409500,RIGHT,1,Search
Thomas1,5,18,4490,4880,392,81280,53900,405300,RIGHT,1,Search
Thomas1,5,19,4910,5240,332,78880,67280,403000,RIGHT,1,Search
Thomas1,5,20,5254,5688,436,75100,66870,404400,RIGHT,1,Search
Thomas1,5,21,5702,5844,144,75220,63980,399800,RIGHT,1,Search
Thomas1,5,22,5898,6170,274,102710,32940,386200,RIGHT,1,Search
Thomas1,5,23,6212,6728,518,75420,66890,396900,RIGHT,1,Search
Thomas1,5,24,6742,7010,270,75520,63430,410900,RIGHT,1,Search
Thomas1,5,25,7148,7248,102,94450,48120,396100,RIGHT,1,Search
Thomas1,5,26,7406,7756,352,97390,53080,390700,RIGHT,1,Search
Thomas1,5,27,7776,8152,378,103960,51550,392000,RIGHT,1,Search
Thomas1,5,28,8164,8448,286,105770,51570,395600,RIGHT,1,Search
Thomas1,5,29,8490,8684,196,138180,42930,390600,RIGHT,1,Search
Thomas1,5,30,8714,8914,202,117060,37090,384700,RIGHT,1,Search
Thomas1,5,31,8930,9118,190,112880,34840,380700,RIGHT,1,Search
Thomas1,5,32,9174,9412,240,50850,39320,403100,RIGHT,1,Search
Thomas1,5,33,9434,9610,178,45150,38740,413200,RIGHT,1,Search
Thomas1,5,34,9656,9822,168,33430,57120,427800,RIGHT,1,Search
Thomas1,5,35,9848,10012,166,28650,63530,431200,RIGHT,1,Search
Thomas1,5,36,10036,10372,338,22840,66920,428100,RIGHT,1,Search
Thomas1,5,37,10436,10642,208,136030,71290,420200,RIGHT,1,Search
Thomas1,5,38,10666,10942,278,141810,75720,419500,RIGHT,1,Search
Thomas1,5,39,10964,11210,248,143130,68380,419400,RIGHT,1,Search
Thomas1,5,40,11414,11688,276,92390,74680,424900,RIGHT,1,Search
Thomas1,5,41,11712,12100,390,84850,77510,441700,RIGHT,1,Search
Thomas1,5,42,12124,12432,310,92940,75540,441200,RIGHT,1,Search
Thomas1,5,43,12628,12840,214,115030,98100,424300,RIGHT,1,Search
Thomas1,5,44,12860,13070,212,120730,99040,427600,RIGHT,1,Search
Thomas1,5,45,13096,13426,332,110370,90540,429700,RIGHT,1,Search
Thomas1,5,46,13472,13626,156,73810,94230,434300,RIGHT,1,Search
Thomas1,5,47,13666,13830,166,114450,91490,432400,RIGHT,1,Search
Thomas1,5,48,13842,13974,134,111870,91780,441500,RIGHT,1,Search
Thomas1,5,49,14014,14284,272,142830,83490,441000,RIGHT,1,Search
Thomas1,5,50,14306,14656,352,140430,77620,434700,RIGHT,1,Search
Thomas1,5,51,14834,15164,332,127010,44190,423400,RIGHT,1,Search
Thomas1,5,52,15190,15540,352,139910,49340,425700,RIGHT,1,Search
Thomas1,5,53,15554,15742,190,138390,51240,423000,RIGHT,1,Search
Thomas1,5,54,15784,16118,336,95080,58200,418800,RIGHT,1,Search
Thomas1,5,55,16142,16352,212,91580,52490,422900,RIGHT,1,Search
Thomas1,5,56,16378,16628,252,85540,45460,421000,RIGHT,1,Search
Thomas1,5,57,16658,16862,206,101770,52630,421100,RIGHT,1,Search
Thomas1,5,58,16872,17314,444,104320,51440,426300,RIGHT,1,Search
Thomas1,5,59,17362,17680,320,63150,28370,419500,RIGHT,1,Search
Thomas1,5,60,17700,17826,128,56350,24300,417600,RIGHT,1,Search
Thomas1,5,61,17896,18142,248,46140,85280,449700,RIGHT,1,Search
Thomas1,5,62,18180,18742,564,38510,94230,456500,RIGHT,1,Search
Thomas1,5,63,18832,19124,294,22340,28170,428400,RIGHT,1,Search
Thomas1,5,64,19172,19340,170,57770,46520,434300,RIGHT,1,Search
Thomas1,5,65,19370,19610,242,69670,63320,434200,RIGHT,1,Search
Thomas1,5,66,19750,19978,230,78970,69920,446500,RIGHT,1,Search
Thomas1,5,67,20012,20318,308,82320,78190,458100,RIGHT,1,Search
Thomas1,5,68,20328,20604,278,83700,79140,457100,RIGHT,1,Search
Thomas1,5,69,20646,20894,250,102140,80770,459000,RIGHT,1,Search
Thomas1,5,70,20938,21138,202,72260,56440,450200,RIGHT,1,Search
Thomas1,5,71,21162,21198,38,76830,53010,446000,RIGHT,1,Search
Thomas1,6,1,4,376,374,82930,47520,451500,RIGHT,1,Count
Thomas1,6,2,406,536,132,63460,40510,468700,RIGHT,1,Count
Thomas1,6,3,584,732,150,28900,17680,457800,RIGHT,1,Count
Thomas1,6,4,756,934,180,23200,12650,458000,RIGHT,1,Count
Thomas1,6,5,994,1126,134,18770,36980,476100,RIGHT,1,Count
Thomas1,6,6,1150,1312,164,7790,33900,482300,RIGHT,1,Count
Thomas1,6,7,1352,1604,254,11300,12520,484900,RIGHT,1,Count
Thomas1,6,8,1652,2018,368,18060,38280,503300,RIGHT,1,Count
Thomas1,6,9,2054,2278,226,21690,49120,516200,RIGHT,1,Count
Thomas1,6,10,2340,2710,372,17350,77450,515100,RIGHT,1,Count
Thomas1,6,11,2728,2840,114,14590,73980,520100,RIGHT,1,Count
Thomas1,6,12,2878,2988,112,13660,48290,521200,RIGHT,1,Count
Thomas1,6,13,3028,3228,202,20240,16640,498400,RIGHT,1,Count
Thomas1,6,14,3268,3498,232,24260,30960,498100,RIGHT,1,Count
Thomas1,6,15,3516,3654,140,26360,33920,495700,RIGHT,1,Count
Thomas1,6,16,3684,3874,192,36120,25330,488000,RIGHT,1,Count
Thomas1,6,17,3898,3998,102,37590,18700,475300,RIGHT,1,Count
Thomas1,6,18,4026,4192,168,20570,14850,465100,RIGHT,1,Count
Thomas1,6,19,4216,4520,306,12420,11140,463400,RIGHT,1,Count
Thomas1,6,20,4570,4872,304,14980,31930,477300,RIGHT,1,Count
Thomas1,6,21,4906,5142,238,14350,38350,489400,RIGHT,1,Count
Thomas1,6,22,5182,5476,296,12960,45700,504600,RIGHT,1,Count
Thomas1,6,23,5498,5682,186,12070,48850,509200,RIGHT,1,Count
Thomas1,6,24,5706,5966,262,12750,43900,501000,RIGHT,1,Count
Thomas1,6,25,6006,6292,288,10550,53190,513500,RIGHT,1,Count
Thomas1,6,26,6334,6658,326,9800,65910,520200,RIGHT,1,Count
Thomas1,6,27,6684,7020,338,14770,73040,528200,RIGHT,1,Count
Thomas1,6,28,7064,7482,420,11240,86050,523200,RIGHT,1,Count
Thomas1,6,29,7520,7720,202,20460,92890,516500,RIGHT,1,Count
Thomas1,6,30,7754,7978,226,23980,69920,509900,RIGHT,1,Count
Thomas1,6,31,8016,8216,202,35400,75030,511100,RIGHT,1,Count
Thomas1,6,32,8244,8458,216,37060,82160,522000,RIGHT,1,Count
Thomas1,6,33,8484,8654,172,43770,81230,530500,RIGHT,1,Count
Thomas1,6,34,8690,9034,346,40580,57360,521400,RIGHT,1,Count
Thomas1,6,35,9064,9406,344,41210,47700,505700,RIGHT,1,Count
Thomas1,6,36,9434,9682,250,40350,32270,486300,RIGHT,1,Count
Thomas1,6,37,9710,9958,250,37970,19780,469900,RIGHT,1,Count
Thomas1,6,38,9990,10330,342,54030,23710,451200,RIGHT,1,Count
Thomas1,6,39,10364,10526,164,55370,8740,443100,RIGHT,1,Count
Thomas1,6,40,10574,10804,232,59660,33550,454300,RIGHT,1,Count
Thomas1,6,41,10862,11140,280,58140,53350,471300,RIGHT,1,Count
Thomas1,6,42,11182,11408,228,61100,65810,471800,RIGHT,1,Count
Thomas1,6,43,11434,11590,158,59130,70670,474900,RIGHT,1,Count
Thomas1,6,44,11630,11974,346,51570,81290,484600,RIGHT,1,Count
Thomas1,6,45,12018,12228,212,55730,96290,502400,RIGHT,1,Count
Thomas1,6,46,12256,12466,212,65110,85050,509000,RIGHT,1,Count
Thomas1,6,47,12496,12726,232,70560,88980,518600,RIGHT,1,Count
Thomas1,6,48,12762,12988,228,74200,67640,499600,RIGHT,1,Count
Thomas1,6,49,13018,13272,256,82100,79170,516400,RIGHT,1,Count
Thomas1,6,50,13316,13524,210,85720,93570,530500,RIGHT,1,Count
Thomas1,6,51,13564,13870,308,79540,65950,510500,RIGHT,1,Count
Thomas1,6,52,13898,14196,300,77150,54250,504900,RIGHT,1,Count
Thomas1,6,53,14218,14372,156,70450,52340,499500,RIGHT,1,Count
Thomas1,6,54,14408,14666,260,70830,35890,493600,RIGHT,1,Count
Thomas1,6,55,14696,15002,308,71800,21380,476700,RIGHT,1,Count
Thomas1,6,56,15032,15260,230,77180,9610,464200,RIGHT,1,Count
Thomas1,6,57,15294,15958,666,87190,25810,470700,RIGHT,1,Count
Thomas1,6,58,15986,16362,378,89760,37240,478600,RIGHT,1,Count
Thomas1,6,59,16380,16596,218,89530,40020,481600,RIGHT,1,Count
Thomas1,6,60,16620,16794,176,91030,46250,488300,RIGHT,1,Count
Thomas1,6,61,16812,16840,30,90940,51070,494600,RIGHT,1,Count
Thomas1,6,62,16876,17064,190,90590,72200,503100,RIGHT,1,Count
Thomas1,6,63,17072,17276,206,91220,71240,496000,RIGHT,1,Count
Thomas1,6,64,17316,17560,246,88040,83590,500800,RIGHT,1,Count
Thomas1,6,65,17600,17958,360,91850,97280,520100,RIGHT,1,Count
Thomas1,6,66,17986,18230,246,103910,101320,526600,RIGHT,1,Count
Thomas1,6,67,18260,18504,246,109310,86980,525100,RIGHT,1,Count
Thomas1,6,68,18540,18704,166,111090,68970,520200,RIGHT,1,Count
Thomas1,6,69,18728,19074,348,105800,70840,513800,RIGHT,1,Count
Thomas1,6,70,19098,19392,296,103790,65530,516900,RIGHT,1,Count
Thomas1,6,71,19420,19596,178,111660,56180,508100,RIGHT,1,Count
Thomas1,6,72,19626,19814,190,108840,44610,486500,RIGHT,1,Count
Thomas1,6,73,19834,20054,222,104250,41840,468700,RIGHT,1,Count
Thomas1,6,74,20076,20234,160,102620,35860,457100,RIGHT,1,Count
Thomas1,6,75,20264,20406,144,118260,38800,458800,RIGHT,1,Count
Thomas1,6,76,20450,20730,282,105480,12150,453800,RIGHT,1,Count
Thomas1,6,77,20742,20970,230,107380,12080,444700,RIGHT,1,Count
Thomas1,6,78,20996,21180,186,122500,10060,439500,RIGHT,1,Count
Thomas1,7,1,4,386,384,123500,12370,444900,RIGHT,1,Count
Thomas1,7,2,454,550,98,91410,58430,465800,RIGHT,1,Count
Thomas1,7,3,608,754,148,75510,81410,459300,RIGHT,1,Count
Thomas1,7,4,782,888,108,72960,69160,440700,RIGHT,1,Count
Thomas1,7,5,934,1152,220,20950,63580,422200,RIGHT,1,Count
Thomas1,7,6,1178,1464,288,10340,68410,409300,RIGHT,1,Count
Thomas1,7,7,1488,1782,296,18020,67990,416300,RIGHT,1,Count
Thomas1,7,8,1798,1926,130,20820,66050,422200,RIGHT,1,Count
Thomas1,7,9,1966,2202,238,36640,77780,433100,RIGHT,1,Count
Thomas1,7,10,2218,2490,274,32920,77130,436300,RIGHT,1,Count
Thomas1,7,11,2518,2750,234,45110,72750,435000,RIGHT,1,Count
Thomas1,7,12,2758,3010,254,43840,71880,430700,RIGHT,1,Count
Thomas1,7,13,3030,3284,256,47920,69930,420700,RIGHT,1,Count
Thomas1,7,14,3332,3474,144,30810,91720,422800,RIGHT,1,Count
Thomas1,7,15,3490,3664,176,29050,93460,431900,RIGHT,1,Count
Thomas1,7,16,3696,3892,198,49390,91930,448100,RIGHT,1,Count
Thomas1,7,17,3922,4280,360,63340,86230,457100,RIGHT,1,Count
Thomas1,7,18,4296,4498,204,61310,87950,451200,RIGHT,1,Count
Thomas1,7,19,4522,4652,132,68530,87300,447500,RIGHT,1,Count
Thomas1,7,20,4678,4908,232,78560,89570,439300,RIGHT,1,Count
Thomas1,7,21,4936,5138,204,88510,84180,426100,RIGHT,1,Count
Thomas1,7,22,5148,5318,172,90050,84820,419100,RIGHT,1,Count
Thomas1,7,23,5354,5728,376,117320,85570,412200,RIGHT,1,Count
Thomas1,7,24,5758,5884,128,132000,84330,413800,RIGHT,1,Count
Thomas1,7,25,5912,6144,234,145490,83560,413600,RIGHT,1,Count
Thomas1,7,26,6168,6412,246,152790,81880,414800,RIGHT,1,Count
Thomas1,7,27,6442,6702,262,146540,70310,420700,RIGHT,1,Count
Thomas1,7,28,6724,6904,182,139840,69890,423200,RIGHT,1,Count
Thomas1,7,29,6946,7122,178,108600,57670,419300,RIGHT,1,Count
Thomas1,7,30,7146,7494,350,101840,59990,417000,RIGHT,1,Count
Thomas1,7,31,7506,7700,196,99660,60310,414500,RIGHT,1,Count
Thomas1,7,32,7716,7942,228,97310,61650,416300,RIGHT,1,Count
Thomas1,7,33,7962,8170,210,92090,61750,420100,RIGHT,1,Count
Thomas1,7,34,8184,8598,416,90800,59450,411300,RIGHT,1,Count
Thomas1,7,35,8606,8832,228,93070,59510,404400,RIGHT,1,Count
Thomas1,7,36,8848,9034,188,88930,59910,407500,RIGHT,1,Count
Thomas1,7,37,9058,9276,220,82730,63430,412900,RIGHT,1,Count
Thomas1,7,38,9298,9510,214,78930,66330,416000,RIGHT,1,Count
Thomas1,7,39,9522,9794,274,77260,67500,424300,RIGHT,1,Count
Thomas1,7,40,9818,10132,316,78030,62130,435200,RIGHT,1,Count
Thomas1,7,41,10156,10378,224,72500,64490,435500,RIGHT,1,Count
Thomas1,7,42,10388,10598,212,70590,65400,433100,RIGHT,1,Count
Thomas1,7,43,10612,11148,538,67150,63100,424400,RIGHT,1,Count
Thomas1,7,44,11170,11368,200,65030,66090,425100,RIGHT,1,Count
Thomas1,7,45,11388,11634,248,66310,62110,437000,RIGHT,1,Count
Thomas1,7,46,11680,11828,150,54440,70500,450600,RIGHT,1,Count
Thomas1,7,47,11854,12222,370,50710,75600,448200,RIGHT,1,Count
Thomas1,7,48,12260,12596,338,37240,56780,441300,RIGHT,1,Count
Thomas1,7,49,12612,12856,246,33560,56170,427700,RIGHT,1,Count
Thomas1,7,50,12908,13176,270,111000,49800,404900,RIGHT,1,Count
Thomas1,7,51,13212,13486,276,134100,38050,379300,RIGHT,1,Count
Thomas1,7,52,13512,13924,414,133480,29760,365000,RIGHT,1,Count
Thomas1,7,53,13944,14294,352,139010,30030,368200,RIGHT,1,Count
Thomas1,7,54,14330,14740,412,109770,47500,382500,RIGHT,1,Count
Thomas1,7,55,14762,14978,218,112920,51240,392900,RIGHT,1,Count
Thomas1,7,56,15002,15272,272,118310,56690,400500,RIGHT,1,Count
Thomas1,7,57,15496,15718,224,101410,61890,405900,RIGHT,1,Count
Thomas1,7,58,15740,15956,218,100260,55890,417400,RIGHT,1,Count
Thomas1,7,59,15982,16424,444,86810,56370,409500,RIGHT,1,Count
Thomas1,7,60,16462,16738,278,57720,60560,401200,RIGHT,1,Count
Thomas1,7,61,16774,17036,264,49240,70560,407000,RIGHT,1,Count
Thomas1,7,62,17072,19502,2432,79380,65900,415300,RIGHT,1,Count
Thomas1,7,63,19682,19958,278,81490,63470,422200,RIGHT,1,Count
Thomas1,7,64,19992,20164,174,53820,72820,433000,RIGHT,1,Count
Thomas1,7,65,20184,20542,360,50850,75690,425000,RIGHT,1,Count
Thomas1,7,66,20592,20802,212,11290,78600,421200,RIGHT,1,Count
Thomas1,7,67,20844,21044,202,53660,77680,417900,RIGHT,1,Count
Thomas1,7,68,21056,21184,130,50890,77750,418600,RIGHT,1,Count
Thomas1,8,1,4,24,22,50690,77420,417600,RIGHT,1,Count
Thomas1,8,2,68,318,252,29020,94910,420200,RIGHT,1,Count
Thomas1,8,3,374,582,210,67320,55680,418500,RIGHT,1,Count
Thomas1,8,4,636,718,84,76160,69960,429000,RIGHT,1,Count
Thomas1,8,5,772,1098,328,24150,73270,448000,RIGHT,1,Count
Thomas1,8,6,1124,1264,142,29280,79860,464400,RIGHT,1,Count
Thomas1,8,7,1304,1522,220,23330,57350,473500,RIGHT,1,Count
Thomas1,8,8,1544,1756,214,16060,54100,475600,RIGHT,1,Count
Thomas1,8,9,1776,1926,152,10880,54340,472000,RIGHT,1,Count
Thomas1,8,10,1964,2362,400,25640,56660,475600,RIGHT,1,Count
Thomas1,8,11,2374,2578,206,27640,58360,480400,RIGHT,1,Count
Thomas1,8,12,2594,2740,148,26360,55860,480100,RIGHT,1,Count
Thomas1,8,13,2760,2986,228,20820,52360,463900,RIGHT,1,Count
Thomas1,8,14,3012,3186,176,11240,54260,458400,RIGHT,1,Count
Thomas1,8,15,3206,3372,168,16380,51770,455800,RIGHT,1,Count
Thomas1,8,16,3394,3906,514,21100,50940,456600,RIGHT,1,Count
Thomas1,8,17,3918,4162,246,22030,48740,466500,RIGHT,1,Count
Thomas1,8,18,4180,4512,334,21160,51380,462000,RIGHT,1,Count
Thomas1,8,19,4534,4794,262,21800,47250,472400,RIGHT,1,Count
Thomas1,8,20,4814,5088,276,19550,43200,476800,RIGHT,1,Count
Thomas1,8,21,5114,5394,282,20330,36830,473100,RIGHT,1,Count
Thomas1,8,22,5406,5572,168,21610,35610,472500,RIGHT,1,Count
Thomas1,8,23,5598,5818,222,27060,41220,482400,RIGHT,1,Count
Thomas1,8,24,5856,6042,188,32920,48050,493500,RIGHT,1,Count
Thomas1,8,25,6068,6380,314,40350,46510,497900,RIGHT,1,Count
Thomas1,8,26,6410,6660,252,35420,33300,478900,RIGHT,1,Count
Thomas1,8,27,6670,6864,196,33600,32470,466000,RIGHT,1,Count
Thomas1,8,28,6888,7132,246,30640,25520,465900,RIGHT,1,Count
Thomas1,8,29,7146,7720,576,29400,22460,467300,RIGHT,1,Count
Thomas1,8,30,7736,7908,174,29360,19750,465500,RIGHT,1,Count
Thomas1,8,31,7924,8212,290,27990,15840,461400,RIGHT,1,Count
Thomas1,8,32,8226,8444,220,29310,12920,456400,RIGHT,1,Count
Thomas1,8,33,8452,8972,522,30200,11530,445500,RIGHT,1,Count
Thomas1,8,34,8990,9258,270,29570,6590,441700,RIGHT,1,Count
Thomas1,8,35,9284,9562,280,38850,10240,449900,RIGHT,1,Count
Thomas1,8,36,9578,9866,290,40210,12600,466800,RIGHT,1,Count
Thomas1,8,37,9890,10168,280,48800,7940,468800,RIGHT,1,Count
Thomas1,8,38,10184,10476,294,52220,6980,468300,RIGHT,1,Count
Thomas1,8,39,10494,10740,248,57860,6040,467800,RIGHT,1,Count
Thomas1,8,40,10760,10958,200,61450,5810,470100,RIGHT,1,Count
Thomas1,8,41,10978,11262,286,65500,5790,466800,RIGHT,1,Count
Thomas1,8,42,11278,11576,300,67190,7320,462200,RIGHT,1,Count
Thomas1,8,43,11588,11734,148,68620,6520,460400,RIGHT,1,Count
Thomas1,8,44,11754,11970,218,73160,6990,461800,RIGHT,1,Count
Thomas1,8,45,11994,12182,190,79540,5710,470000,RIGHT,1,Count
Thomas1,8,46,12210,12404,196,80960,14630,472700,RIGHT,1,Count
Thomas1,8,47,12414,12722,310,79930,15040,476300,RIGHT,1,Count
Thomas1,8,48,12760,13162,404,92170,21190,483400,RIGHT,1,Count
Thomas1,8,49,13188,13588,402,96300,26520,485100,RIGHT,1,Count
Thomas1,8,50,13614,13914,302,101770,19310,469700,RIGHT,1,Count
Thomas1,8,51,13934,14162,230,105750,21810,461700,RIGHT,1,Count
Thomas1,8,52,14184,14376,194,104970,16200,455800,RIGHT,1,Count
Thomas1,8,53,14416,14580,166,109680,27480,452900,RIGHT,1,Count
Thomas1,8,54,14596,14850,256,109680,25360,456600,RIGHT,1,Count
Thomas1,8,55,14870,15014,146,111320,20180,458700,RIGHT,1,Count
Thomas1,8,56,15042,15242,202,106410,9760,459200,RIGHT,1,Count
Thomas1,8,57,15264,15650,388,111410,9150,454000,RIGHT,1,Count
Thomas1,8,58,15696,15898,204,113020,24230,460800,RIGHT,1,Count
Thomas1,8,59,15918,16130,214,117570,24170,468100,RIGHT,1,Count
Thomas1,8,60,16160,16408,250,119580,9810,471100,RIGHT,1,Count
Thomas1,8,61,16424,16592,170,122040,10740,468900,RIGHT,1,Count
Thomas1,8,62,16608,16792,186,118170,8630,465700,RIGHT,1,Count
Thomas1,8,63,16802,17064,264,116250,7240,462600,RIGHT,1,Count
Thomas1,8,64,17076,17236,162,117560,7990,457900,RIGHT,1,Count
Thomas1,8,65,17254,17524,272,120610,9210,460400,RIGHT,1,Count
Thomas1,8,66,17664,17800,138,123030,9650,460800,RIGHT,1,Count
Thomas1,8,67,17820,17994,176,119930,5770,458800,RIGHT,1,Count
Thomas1,8,68,18006,18264,260,122040,4600,450800,RIGHT,1,Count
Thomas1,8,69,18288,18608,322,124040,11400,448700,RIGHT,1,Count
Thomas1,8,70,18636,19010,376,129660,18630,452200,RIGHT,1,Count
Thomas1,8,71,19022,19252,232,131840,18730,452100,RIGHT,1,Count
Thomas1,8,72,19278,19888,612,133030,10880,444500,RIGHT,1,Count
Thomas1,8,73,19910,20100,192,137480,6810,437900,RIGHT,1,Count
Thomas1,8,74,20112,20574,464,135890,4980,435900,RIGHT,1,Count
Thomas1,8,75,20600,20764,166,140550,10380,431900,RIGHT,1,Count
Thomas1,8,76,20774,21022,250,138990,8840,431700,RIGHT,1,Count
Thomas1,8,77,21040,21186,148,141530,8660,435000,RIGHT,1,Count
Thomas1,9,1,4,74,72,141470,8790,439900,RIGHT,1,Count
Thomas1,9,2,94,324,232,141450,5090,443200,RIGHT,1,Count
Thomas1,9,3,390,496,108,126340,45500,458000,RIGHT,1,Count
Thomas1,9,4,562,744,184,93400,77640,444400,RIGHT,1,Count
Thomas1,9,5,786,978,194,60950,72790,427300,RIGHT,1,Count
Thomas1,9,6,1000,1162,164,52060,71030,422400,RIGHT,1,Count
Thomas1,9,7,1178,1350,174,48100,68200,424000,RIGHT,1,Count
Thomas1,9,8,1388,1588,202,18720,68350,424300,RIGHT,1,Count
Thomas1,9,9,1756,1868,114,20600,69060,445400,RIGHT,1,Count
Thomas1,9,10,1904,2062,160,50090,68890,462500,RIGHT,1,Count
Thomas1,9,11,2082,2246,166,45660,68680,464500,RIGHT,1,Count
Thomas1,9,12,2256,2798,544,43180,68800,459900,RIGHT,1,Count
Thomas1,9,13,2808,3390,584,44490,69110,460000,RIGHT,1,Count
Thomas1,9,14,3400,3718,320,45430,68980,470400,RIGHT,1,Count
Thomas1,9,15,3728,4004,278,47380,68910,472400,RIGHT,1,Count
Thomas1,9,16,4016,4474,460,49030,67360,477400,RIGHT,1,Count
Thomas1,9,17,4484,5770,1288,50800,67670,477100,RIGHT,1,Count
Thomas1,9,18,5780,6446,668,52630,68210,467400,RIGHT,1,Count
Thomas1,9,19,6456,6734,280,53520,67830,458000,RIGHT,1,Count
Thomas1,9,20,6742,7300,560,54710,67140,455400,RIGHT,1,Count
Thomas1,9,21,7312,7656,346,56990,67710,461900,RIGHT,1,Count
Thomas1,9,22,7666,7872,208,58140,66810,457700,RIGHT,1,Count
Thomas1,9,23,7896,8290,396,54870,71190,449500,RIGHT,1,Count
Thomas1,9,24,8304,8566,264,56680,72430,448800,RIGHT,1,Count
Thomas1,9,25,8578,8900,324,57880,72100,454500,RIGHT,1,Count
Thomas1,9,26,8916,9174,260,61000,72160,446400,RIGHT,1,Count
Thomas1,9,27,9192,9856,666,64990,73220,440400,RIGHT,1,Count
Thomas1,9,28,9886,10094,210,84580,67000,448900,RIGHT,1,Count
Thomas1,9,29,10114,10388,276,87550,66030,448600,RIGHT,1,Count
Thomas1,9,30,10406,10848,444,91680,66870,439600,RIGHT,1,Count
Thomas1,9,31,10872,11546,676,99760,66650,438900,RIGHT,1,Count
Thomas1,9,32,11568,11798,232,105750,68090,446400,RIGHT,1,Count
Thomas1,9,33,11826,12014,190,119930,69600,453300,RIGHT,1,Count
Thomas1,9,34,12026,12470,446,121360,70290,453800,RIGHT,1,Count
Thomas1,9,35,12494,13304,812,127050,69700,455600,RIGHT,1,Count
Thomas1,9,36,13322,13546,226,128370,67440,455100,RIGHT,1,Count
Thomas1,9,37,13558,13750,194,128310,65160,454500,RIGHT,1,Count
Thomas1,9,38,13778,14182,406,138060,71850,446600,RIGHT,1,Count
Thomas1,9,39,14194,14432,240,140000,73160,445400,RIGHT,1,Count
Thomas1,9,40,14454,14922,470,146040,74230,442000,RIGHT,1,Count
Thomas1,9,41,14944,15158,216,151880,72730,430700,RIGHT,1,Count
Thomas1,9,42,15168,15522,356,149820,72450,426200,RIGHT,1,Count
Thomas1,9,43,15544,15990,448,145400,66300,430400,RIGHT,1,Count
Thomas1,9,44,16014,16146,134,131450,57970,428700,RIGHT,1,Count
Thomas1,9,45,16190,16376,188,93560,34090,402800,RIGHT,1,Count
Thomas1,9,46,16390,16642,254,89190,34110,386800,RIGHT,1,Count
Thomas1,9,47,16656,17084,430,85760,33730,376200,RIGHT,1,Count
Thomas1,9,48,17132,17330,200,77530,57400,393000,RIGHT,1,Count
Thomas1,9,49,17356,17588,234,69670,60150,402900,RIGHT,1,Count
Thomas1,9,50,17634,17788,156,21110,64050,407500,RIGHT,1,Count
Thomas1,9,51,17812,18032,222,9050,61470,400000,RIGHT,1,Count
Thomas1,9,52,18074,18314,242,12810,74320,416700,RIGHT,1,Count
Thomas1,9,53,18342,18592,252,25920,66670,430500,RIGHT,1,Count
Thomas1,9,54,18608,18852,246,28860,68050,435100,RIGHT,1,Count
Thomas1,9,55,18876,19064,190,31620,63380,431100,RIGHT,1,Count
Thomas1,9,56,19086,19748,664,33330,59520,421800,RIGHT,1,Count
Thomas1,9,57,19772,19986,216,39660,61850,419900,RIGHT,1,Count
Thomas1,9,58,19996,20342,348,40220,63880,430700,RIGHT,1,Count
Thomas1,9,59,20366,20638,274,47130,69140,432400,RIGHT,1,Count
Thomas1,9,60,20664,20842,180,56560,75840,434200,RIGHT,1,Count
Thomas1,9,61,20870,21184,316,55950,62300,433200,RIGHT,1,Count
Thomas1,10,1,4,438,436,59140,60690,419400,RIGHT,1,Count
Thomas1,10,2,464,644,182,68640,62660,422300,RIGHT,1,Count
Thomas1,10,3,670,708,40,72070,68130,432500,RIGHT,1,Count
Thomas1,10,4,760,980,222,26460,33030,424900,RIGHT,1,Count
Thomas1,10,5,1004,1196,194,16930,30770,420500,RIGHT,1,Count
Thomas1,10,6,1226,1480,256,29010,27500,412300,RIGHT,1,Count
Thomas1,10,7,1494,1650,158,25990,28900,407000,RIGHT,1,Count
Thomas1,10,8,1690,1910,222,21140,41440,421600,RIGHT,1,Count
Thomas1,10,9,1972,2108,138,63040,64590,441200,RIGHT,1,Count
Thomas1,10,10,2144,2300,158,61230,71720,457600,RIGHT,1,Count
Thomas1,10,11,2360,2516,158,121400,83020,474800,RIGHT,1,Count
Thomas1,10,12,2542,2694,154,123690,87420,484000,RIGHT,1,Count
Thomas1,10,13,2750,3032,284,71320,73500,486600,RIGHT,1,Count
Thomas1,10,14,3060,3230,172,80860,64470,478100,RIGHT,1,Count
Thomas1,10,15,3286,3518,234,33830,48770,485500,RIGHT,1,Count
Thomas1,10,16,3582,3786,206,78800,55520,477400,RIGHT,1,Count
Thomas1,10,17,3814,4122,310,92550,50610,478400,RIGHT,1,Count
Thomas1,10,18,4168,4330,164,52970,39340,485700,RIGHT,1,Count
Thomas1,10,19,4354,4516,164,46140,39750,485200,RIGHT,1,Count
Thomas1,10,20,4580,4756,178,92570,50000,476100,RIGHT,1,Count
Thomas1,10,21,4780,4876,98,94860,45600,471500,RIGHT,1,Count
Thomas1,10,22,4902,5228,328,102040,41640,474600,RIGHT,1,Count
Thomas1,10,23,5240,5440,202,99340,40430,478600,RIGHT,1,Count
Thomas1,10,24,5464,5586,124,104330,38550,480900,RIGHT,1,Count
Thomas1,10,25,5612,5754,144,111660,35250,488900,RIGHT,1,Count
Thomas1,10,26,5808,6144,338,63850,29940,494200,RIGHT,1,Count
Thomas1,10,27,6192,6460,270,111790,35030,472400,RIGHT,1,Count
Thomas1,10,28,6484,7282,800,115860,31210,468900,RIGHT,1,Count
Thomas1,10,29,7298,7622,326,116370,28290,460400,RIGHT,1,Count
Thomas1,10,30,7640,8016,378,119520,25150,462600,RIGHT,1,Count
Thomas1,10,31,8026,8408,384,121290,23500,452400,RIGHT,1,Count
Thomas1,10,32,8418,8640,224,122310,22150,450600,RIGHT,1,Count
Thomas1,10,33,8650,8880,232,123530,21000,454000,RIGHT,1,Count
Thomas1,10,34,8894,9590,698,126590,19150,445900,RIGHT,1,Count
Thomas1,10,35,9600,9754,156,128520,17600,439700,RIGHT,1,Count
Thomas1,10,36,9906,11632,1728,129730,15500,439600,RIGHT,1,Count
Thomas1,10,37,11644,11876,234,132260,14560,443200,RIGHT,1,Count
Thomas1,10,38,11888,12132,246,133790,13140,436000,RIGHT,1,Count
Thomas1,10,39,12142,14896,2756,134250,10510,418500,RIGHT,1,Count
Thomas1,10,40,14906,15238,334,135220,9660,439000,RIGHT,1,Count
Thomas1,10,41,15418,15688,272,137320,7470,436400,RIGHT,1,Count
Thomas1,10,42,15704,15958,256,140410,5650,434100,RIGHT,1,Count
Thomas1,10,43,15970,16166,198,142810,3870,418600,RIGHT,1,Count
Thomas1,10,44,16176,16500,326,144520,2840,411600,RIGHT,1,Count
Thomas1,10,45,16560,16698,140,79120,13280,421600,RIGHT,1,Count
Thomas1,10,46,16766,17042,278,19490,58550,441800,RIGHT,1,Count
Thomas1,10,47,17068,17272,206,20470,51300,458400,RIGHT,1,Count
Thomas1,10,48,17306,17562,258,45660,38090,460900,RIGHT,1,Count
Thomas1,10,49,17608,17828,222,60210,15340,445800,RIGHT,1,Count
Thomas1,10,50,17864,18154,292,84910,12410,442400,RIGHT,1,Count
Thomas1,10,51,18182,18388,208,100270,9210,438600,RIGHT,1,Count
Thomas1,10,52,18406,19106,702,104000,8100,437400,RIGHT,1,Count
Thomas1,10,53,19132,19692,562,93540,7010,451200,RIGHT,1,Count
Thomas1,10,54,19710,19990,282,90210,6520,455400,RIGHT,1,Count
Thomas1,10,55,20016,20522,508,101320,5700,449600,RIGHT,1,Count
Thomas1,10,56,20534,20768,236,99500,5300,449500,RIGHT,1,Count
Thomas1,10,57,20780,21166,388,96680,5200,452700,RIGHT,1,Count
